snapshot_ts,expiry,days_to_expiry,strike,option_type,bid,ask,mark_price,forward_price,index_price,implied_vol,delta,gamma,vega,open_interest,volume_24h
2026-08-11T17:00:05Z,2026-08-12,1,58000.0,C,0.0535,0.117,0.086,63456.96,63457.13,0.5811,0.99991,0.0,0.00921,0.0,0.0
2026-08-11T17:00:05Z,2026-08-12,1,58000.0,P,0.0,0.0001,0.0,63456.96,63457.13,0.5811,-9e-05,0.0,0.00921,0.0,0.0
2026-08-11T17:00:05Z,2026-08-12,1,59000.0,C,0.0365,0.1015,0.0702,63456.96,63457.13,0.5637,0.99914,0.0,0.07721,0.0,0.0
2026-08-11T17:00:05Z,2026-08-12,1,59000.0,P,0.0,0.0001,0.0,63464.36,63457.13,0.5637,-0.00085,0.0,0.07601,12.0,6.0
2026-08-11T17:00:05Z,2026-08-12,1,60000.0,C,0.0205,0.0865,0.0545,63456.96,63457.13,0.5005,0.99669,1e-05,0.26254,0.0,0.0
2026-08-11T17:00:05Z,2026-08-12,1,60000.0,P,0.0,0.0001,0.0,63464.36,63457.13,0.5005,-0.00325,1e-05,0.25858,17.4,4.8
2026-08-11T17:00:05Z,2026-08-12,1,61000.0,C,0.013,0.072,0.0388,63456.96,63457.13,0.442,0.98493,3e-05,0.99865,0.0,0.0
2026-08-11T17:00:05Z,2026-08-12,1,61000.0,P,0.0,0.0002,0.0001,63456.96,63457.13,0.442,-0.01507,3e-05,0.99865,51.8,40.3
2026-08-11T17:00:05Z,2026-08-12,1,62000.0,C,0.019,0.048,0.0233,63464.36,63457.13,0.3701,0.93724,0.00013,3.24023,0.0,0.0
2026-08-11T17:00:05Z,2026-08-12,1,62000.0,P,0.0004,0.0005,0.0004,63464.36,63457.13,0.3701,-0.06276,0.00013,3.24023,138.6,43.9
2026-08-11T17:00:05Z,2026-08-12,1,62500.0,C,0.012,0.019,0.0158,63456.96,63457.13,0.3114,0.88213,0.00024,5.18682,0.0,0.0
2026-08-11T17:00:05Z,2026-08-12,1,62500.0,P,0.0006,0.0009,0.0008,63464.36,63457.13,0.3114,-0.11609,0.00024,5.13186,133.0,32.0
2026-08-11T17:00:05Z,2026-08-12,1,63000.0,C,0.0085,0.0095,0.009,63464.36,63457.13,0.27649999999999997,0.74133,0.00045,8.49579,35.0,25.0
2026-08-11T17:00:05Z,2026-08-12,1,63000.0,P,0.0016,0.002,0.0018,63456.96,63457.13,0.27649999999999997,-0.26197,0.00045,8.55058,128.7,82.4
2026-08-11T17:00:05Z,2026-08-12,1,63500.0,C,0.0036,0.004,0.0038,63464.36,63457.13,0.25129999999999997,0.48054,0.0006,10.46445,29.2,29.2
2026-08-11T17:00:05Z,2026-08-12,1,63500.0,P,0.0041,0.0046,0.0045,63464.36,63457.13,0.25129999999999997,-0.51946,0.0006,10.46445,256.8,202.9
2026-08-11T17:00:05Z,2026-08-12,1,64000.0,C,0.001,0.0014,0.0012,63464.36,63457.13,0.24989999999999998,0.20964,0.00044,7.56098,20.2,23.0
2026-08-11T17:00:05Z,2026-08-12,1,64000.0,P,0.0085,0.011,0.0098,63464.36,63457.13,0.24989999999999998,-0.79036,0.00044,7.56098,91.1,59.8
2026-08-11T17:00:05Z,2026-08-12,1,64500.0,C,0.0003,0.0005,0.0004,63456.96,63457.13,0.27449999999999997,0.0764,0.0002,3.76984,550.6,581.5
2026-08-11T17:00:05Z,2026-08-12,1,64500.0,P,0.0155,0.0185,0.0169,63456.96,63457.13,0.27449999999999997,-0.9236,0.0002,3.76984,50.2,2.4
2026-08-11T17:00:05Z,2026-08-12,1,65000.0,C,0.0001,0.0003,0.0002,63456.96,63457.13,0.3172,0.0341,9e-05,1.98603,161.9,182.1
2026-08-11T17:00:05Z,2026-08-12,1,65000.0,P,0.013,0.061,0.0245,63456.96,63457.13,0.3172,-0.9659,9e-05,1.98603,2.6,0.1
2026-08-11T17:00:05Z,2026-08-12,1,65500.0,C,0.0001,0.0002,0.0001,63456.96,63457.13,0.3843,0.02358,6e-05,1.46096,146.5,60.2
2026-08-11T17:00:05Z,2026-08-12,1,65500.0,P,0.0125,0.07,0.0324,63464.36,63457.13,0.3843,-0.97601,6e-05,1.48252,0.1,0.0
2026-08-11T17:00:05Z,2026-08-12,1,66000.0,C,0.0001,0.0002,0.0001,63456.96,63457.13,0.4364,0.01513,3e-05,1.00164,169.6,12.2
2026-08-11T17:00:05Z,2026-08-12,1,66000.0,P,0.013,0.078,0.0402,63464.55,63457.13,0.4364,-0.98462,3e-05,1.01613,0.1,0.4
2026-08-11T17:00:05Z,2026-08-12,1,66500.0,C,0.0,0.0001,0.0,63468.2,63457.13,0.44310000000000005,0.00561,1e-05,0.42077,57.5,1.4
2026-08-11T17:00:05Z,2026-08-12,1,66500.0,P,0.013,0.0865,0.048,63468.2,63457.13,0.44310000000000005,-0.99439,1e-05,0.42077,0.0,0.0
2026-08-11T17:00:05Z,2026-08-12,1,67000.0,C,0.0,0.0001,0.0,63468.2,63457.13,0.44310000000000005,0.00162,0.0,0.13739,59.3,1.3
2026-08-11T17:00:05Z,2026-08-12,1,67000.0,P,0.0205,0.0945,0.0559,63464.55,63457.13,0.44310000000000005,-0.9984,0.0,0.13612,0.0,0.0
2026-08-11T17:00:05Z,2026-08-12,1,67500.0,C,0.0,0.0001,0.0,63468.2,63457.13,0.4434,0.00041,0.0,0.03867,41.7,4.1
2026-08-11T17:00:05Z,2026-08-12,1,67500.0,P,0.028,0.1025,0.0637,63464.55,63457.13,0.4434,-0.9996,0.0,0.03826,0.0,0.0
2026-08-11T17:00:05Z,2026-08-12,1,68000.0,C,0.0,0.0001,0.0,63464.55,63457.13,0.4439,9e-05,0.0,0.00931,2.9,0.0
2026-08-11T17:00:05Z,2026-08-12,1,68000.0,P,0.0355,0.1105,0.0716,63464.55,63457.13,0.4439,-0.99991,0.0,0.00931,0.0,0.0
2026-08-11T17:00:05Z,2026-08-12,1,69000.0,C,0.0,0.0001,0.0,63464.55,63457.13,0.4439,0.0,0.0,0.00034,10.3,0.0
2026-08-11T17:00:05Z,2026-08-12,1,69000.0,P,0.0505,0.1265,0.0874,63464.55,63457.13,0.4439,-1.0,0.0,0.00034,0.0,0.0
2026-08-11T17:00:05Z,2026-08-12,1,70000.0,C,0.0,0.0001,0.0,63464.55,63457.13,0.4439,0.0,0.0,1e-05,8.7,0.0
2026-08-11T17:00:05Z,2026-08-12,1,70000.0,P,0.0665,0.143,0.1031,63468.2,63457.13,0.4439,-1.0,0.0,1e-05,0.0,0.0
2026-08-11T17:00:05Z,2026-08-12,1,71000.0,C,0.0,0.0001,0.0,63468.2,63457.13,0.444,0.0,0.0,0.0,0.0,0.0
2026-08-11T17:00:05Z,2026-08-12,1,71000.0,P,0.081,0.1595,0.1189,63464.55,63457.13,0.444,-1.0,0.0,0.0,0.0,0.0
2026-08-11T17:00:05Z,2026-08-12,1,72000.0,C,0.0,0.0001,0.0,63464.55,63457.13,0.444,0.0,0.0,0.0,0.0,0.0
2026-08-11T17:00:05Z,2026-08-12,1,72000.0,P,0.096,0.175,0.1347,63468.2,63457.13,0.444,-1.0,0.0,0.0,0.0,0.0
2026-08-11T17:00:05Z,2026-08-13,2,58000.0,C,0.053,0.118,0.0862,63475.05,63457.13,0.5904,0.98954,1e-05,1.17406,0.0,0.0
2026-08-11T17:00:05Z,2026-08-13,2,58000.0,P,0.0001,0.0002,0.0001,63475.05,63457.13,0.5904,-0.01046,1e-05,1.17406,24.9,8.1
2026-08-11T17:00:05Z,2026-08-13,2,59000.0,C,0.0365,0.1025,0.0705,63475.05,63457.13,0.5078,0.98517,2e-05,1.58783,0.0,0.0
2026-08-11T17:00:05Z,2026-08-13,2,59000.0,P,0.0001,0.0003,0.0002,63471.4,63457.13,0.5078,-0.01489,2e-05,1.59361,10.4,9.2
2026-08-11T17:00:05Z,2026-08-13,2,60000.0,C,0.021,0.0875,0.0549,63475.05,63457.13,0.45380000000000004,0.96957,4e-05,2.91601,0.0,0.0
2026-08-11T17:00:05Z,2026-08-13,2,60000.0,P,0.0003,0.0004,0.0004,63471.4,63457.13,0.45380000000000004,-0.03056,4e-05,2.92624,13.5,10.7
2026-08-11T17:00:05Z,2026-08-13,2,61000.0,C,0.013,0.073,0.0395,63475.05,63457.13,0.3859,0.94033,7e-05,5.02375,0.0,0.0
2026-08-11T17:00:05Z,2026-08-13,2,61000.0,P,0.0005,0.0008,0.0007,63475.05,63457.13,0.3859,-0.05967,7e-05,5.02375,363.8,356.0
2026-08-11T17:00:05Z,2026-08-13,2,62000.0,C,0.021,0.0445,0.0247,63475.53,63457.13,0.3251,0.86326,0.00016,9.27649,0.0,0.0
2026-08-11T17:00:05Z,2026-08-13,2,62000.0,P,0.0014,0.0017,0.0015,63475.53,63457.13,0.3251,-0.13674,0.00016,9.27649,72.4,22.9
2026-08-11T17:00:05Z,2026-08-13,2,62500.0,C,0.0165,0.0195,0.0179,63475.53,63457.13,0.3035,0.78082,0.00023,12.51379,20.0,20.0
2026-08-11T17:00:05Z,2026-08-13,2,62500.0,P,0.0024,0.0028,0.0026,63475.68,63457.13,0.3035,-0.21915,0.00023,12.51276,156.7,138.4
2026-08-11T17:00:05Z,2026-08-13,2,63000.0,C,0.011,0.0125,0.0119,63475.53,63457.13,0.2862,0.65666,0.0003,15.57635,25.0,25.0
2026-08-11T17:00:05Z,2026-08-13,2,63000.0,P,0.0042,0.0047,0.0044,63475.68,63457.13,0.2862,-0.34329,0.0003,15.57562,213.6,204.7
2026-08-11T17:00:05Z,2026-08-13,2,63500.0,C,0.0065,0.0075,0.0071,63475.53,63457.13,0.27440000000000003,0.49525,0.00034,16.8953,25.3,25.3
2026-08-11T17:00:05Z,2026-08-13,2,63500.0,P,0.007,0.008,0.0075,63475.53,63457.13,0.27440000000000003,-0.50475,0.00034,16.8953,29.7,18.2
2026-08-11T17:00:05Z,2026-08-13,2,64000.0,C,0.0034,0.0039,0.0037,63475.53,63457.13,0.2652,0.32414,0.00032,15.22694,19.5,12.9
2026-08-11T17:00:05Z,2026-08-13,2,64000.0,P,0.0105,0.0135,0.012,63475.29,63457.13,0.2652,-0.67594,0.00032,15.2254,33.7,21.5
2026-08-11T17:00:05Z,2026-08-13,2,64500.0,C,0.0016,0.002,0.0018,63475.53,63457.13,0.2666,0.18638,0.00024,11.35756,365.4,357.1
2026-08-11T17:00:05Z,2026-08-13,2,64500.0,P,0.0165,0.0195,0.018,63475.53,63457.13,0.2666,-0.81362,0.00024,11.35756,34.8,11.0
2026-08-11T17:00:05Z,2026-08-13,2,65000.0,C,0.0007,0.001,0.0008,63475.53,63457.13,0.2742,0.09884,0.00015,7.36964,63.2,55.3
2026-08-11T17:00:05Z,2026-08-13,2,65000.0,P,0.0235,0.0265,0.0249,63475.29,63457.13,0.2742,-0.9012,0.00015,7.36765,24.5,4.0
2026-08-11T17:00:05Z,2026-08-13,2,65500.0,C,0.0003,0.0005,0.0004,63475.53,63457.13,0.2858,0.05082,9e-05,4.42492,42.7,9.6
2026-08-11T17:00:05Z,2026-08-13,2,65500.0,P,0.0125,0.07,0.0324,63475.53,63457.13,0.2858,-0.94918,9e-05,4.42492,0.3,0.0
2026-08-11T17:00:05Z,2026-08-13,2,66000.0,C,0.0002,0.0004,0.0003,63475.53,63457.13,0.3169,0.03332,6e-05,3.1433,87.4,33.4
2026-08-11T17:00:05Z,2026-08-13,2,66000.0,P,0.0125,0.0785,0.0401,63475.53,63457.13,0.3169,-0.96668,6e-05,3.1433,0.4,0.4
2026-08-11T17:00:05Z,2026-08-13,2,66500.0,C,0.0001,0.0003,0.0002,63475.29,63457.13,0.3429,0.02154,4e-05,2.18337,19.6,16.2
2026-08-11T17:00:05Z,2026-08-13,2,66500.0,P,0.0135,0.0865,0.0479,63475.29,63457.13,0.3429,-0.97846,4e-05,2.18337,0.0,0.0
2026-08-11T17:00:05Z,2026-08-13,2,67000.0,C,0.0,0.0002,0.0001,63475.53,63457.13,0.3432,0.00943,2e-05,1.07246,21.4,22.0
2026-08-11T17:00:05Z,2026-08-13,2,67000.0,P,0.02,0.094,0.0557,63475.29,63457.13,0.3432,-0.99057,2e-05,1.07204,0.0,0.0
2026-08-11T17:00:05Z,2026-08-13,2,67500.0,C,0.0,0.0002,0.0,63475.29,63457.13,0.3433,0.00376,1e-05,0.47487,11.9,1.7
2026-08-11T17:00:05Z,2026-08-13,2,67500.0,P,0.0275,0.102,0.0635,63475.53,63457.13,0.3433,-0.99624,1e-05,0.47509,0.0,0.0
2026-08-11T17:00:05Z,2026-08-13,2,68000.0,C,0.0,0.0001,0.0,63475.68,63457.13,0.3433,0.00138,0.0,0.19102,21.6,0.1
2026-08-11T17:00:05Z,2026-08-13,2,68000.0,P,0.035,0.11,0.0713,63475.68,63457.13,0.3433,-0.99862,0.0,0.19102,0.0,0.0
2026-08-11T17:00:05Z,2026-08-13,2,69000.0,C,0.0,0.0001,0.0,63475.68,63457.13,0.35240000000000005,0.0002,0.0,0.03247,9.3,6.0
2026-08-11T17:00:05Z,2026-08-13,2,69000.0,P,0.0505,0.126,0.087,63475.28,63457.13,0.35240000000000005,-0.9998,0.0,0.03244,0.0,0.0
2026-08-11T17:00:05Z,2026-08-13,2,70000.0,C,0.0,0.0001,0.0,63475.28,63457.13,0.37310000000000004,4e-05,0.0,0.00783,5.0,0.0
2026-08-11T17:00:05Z,2026-08-13,2,70000.0,P,0.0655,0.143,0.1028,63475.28,63457.13,0.37310000000000004,-0.99996,0.0,0.00783,0.0,0.0
2026-08-11T17:00:05Z,2026-08-13,2,71000.0,C,0.0,0.0001,0.0,63475.68,63457.13,0.40659999999999996,2e-05,0.0,0.00354,0.8,0.0
2026-08-11T17:00:05Z,2026-08-13,2,71000.0,P,0.081,0.159,0.1185,63475.68,63457.13,0.40659999999999996,-0.99998,0.0,0.00354,0.0,0.0
2026-08-11T17:00:05Z,2026-08-13,2,72000.0,C,0.0,0.0001,0.0,63475.28,63457.13,0.43170000000000003,1e-05,0.0,0.00126,0.0,0.0
2026-08-11T17:00:05Z,2026-08-13,2,72000.0,P,0.096,0.1755,0.1343,63475.68,63457.13,0.43170000000000003,-0.99999,0.0,0.00126,0.0,0.0
2026-08-11T17:00:05Z,2026-08-14,3,50000.0,C,0.1835,0.2385,0.2124,63482.2,63457.13,0.7034999999999999,0.99997,0.0,0.00635,0.0,0.0
2026-08-11T17:00:05Z,2026-08-14,3,50000.0,P,0.0,0.0001,0.0,63482.6,63457.13,0.7034999999999999,-3e-05,0.0,0.00635,156.5,0.0
2026-08-11T17:00:05Z,2026-08-14,3,52000.0,C,0.151,0.2085,0.1809,63482.2,63457.13,0.7034999999999999,0.99963,0.0,0.07242,0.0,0.0
2026-08-11T17:00:05Z,2026-08-14,3,52000.0,P,0.0,0.0001,0.0,63482.2,63457.13,0.7034999999999999,-0.00037,0.0,0.07242,271.4,32.0
2026-08-11T17:00:05Z,2026-08-14,3,55000.0,C,0.1025,0.165,0.1338,63482.2,63457.13,0.6995,0.9928,1e-05,1.07493,0.0,0.0
2026-08-11T17:00:05Z,2026-08-14,3,55000.0,P,0.0001,0.0002,0.0001,63482.2,63457.13,0.6995,-0.0072,1e-05,1.07493,512.4,44.5
2026-08-11T17:00:05Z,2026-08-14,3,58000.0,C,0.0535,0.1185,0.0866,63482.2,63457.13,0.5127,0.98209,2e-05,2.37273,0.0,0.0
2026-08-11T17:00:05Z,2026-08-14,3,58000.0,P,0.0002,0.0004,0.0003,63482.2,63457.13,0.5127,-0.01791,2e-05,2.37273,1571.9,17.8
2026-08-11T17:00:05Z,2026-08-14,3,59000.0,C,0.037,0.1035,0.0711,63482.6,63457.13,0.46740000000000004,0.96906,3e-05,3.75828,0.4,0.0
2026-08-11T17:00:05Z,2026-08-14,3,59000.0,P,0.0004,0.0006,0.0005,63482.2,63457.13,0.46740000000000004,-0.03095,3e-05,3.75937,283.3,79.2
2026-08-11T17:00:05Z,2026-08-14,3,60000.0,C,0.021,0.088,0.0556,63482.2,63457.13,0.409,0.9499,5e-05,5.56084,1.0,0.0
2026-08-11T17:00:05Z,2026-08-14,3,60000.0,P,0.0006,0.0009,0.0007,63482.2,63457.13,0.409,-0.0501,5e-05,5.56084,2728.8,254.5
2026-08-11T17:00:05Z,2026-08-14,3,61000.0,C,0.039,0.042,0.0404,63482.2,63457.13,0.35960000000000003,0.90711,9e-05,8.94982,12.0,3.0
2026-08-11T17:00:05Z,2026-08-14,3,61000.0,P,0.0012,0.0015,0.0013,63482.2,63457.13,0.35960000000000003,-0.09289,9e-05,8.94982,331.0,5.5
2026-08-11T17:00:05Z,2026-08-14,3,62000.0,C,0.0245,0.0275,0.0262,63482.6,63457.13,0.3204,0.81147,0.00016,14.53962,17.4,1.0
2026-08-11T17:00:05Z,2026-08-14,3,62000.0,P,0.0026,0.003,0.0029,63482.2,63457.13,0.3204,-0.18859,0.00016,14.5425,1551.7,610.0
2026-08-11T17:00:05Z,2026-08-14,3,63000.0,C,0.0135,0.0145,0.0141,63482.6,63457.13,0.2909,0.62615,0.00024,20.39462,106.4,51.2
2026-08-11T17:00:05Z,2026-08-14,3,63000.0,P,0.006,0.007,0.0065,63482.2,63457.13,0.2909,-0.37395,0.00024,20.39616,408.0,126.1
2026-08-11T17:00:05Z,2026-08-14,3,63500.0,C,0.009,0.0095,0.0094,63482.2,63457.13,0.2827,0.50012,0.00026,21.47733,60.9,60.9
2026-08-11T17:00:05Z,2026-08-14,3,63500.0,P,0.009,0.01,0.0097,63482.2,63457.13,0.2827,-0.49988,0.00026,21.47733,33.2,36.8
2026-08-11T17:00:05Z,2026-08-14,3,64000.0,C,0.0055,0.006,0.0058,63482.52,63457.13,0.2741,0.3678,0.00026,20.28712,253.9,119.0
2026-08-11T17:00:05Z,2026-08-14,3,64000.0,P,0.013,0.015,0.0139,63482.21,63457.13,0.2741,-0.63228,0.00026,20.28558,531.6,110.7
2026-08-11T17:00:05Z,2026-08-14,3,64500.0,C,0.003,0.0034,0.0033,63482.52,63457.13,0.2687,0.2462,0.00022,16.96861,66.8,72.7
2026-08-11T17:00:05Z,2026-08-14,3,64500.0,P,0.0165,0.05,0.0193,63482.52,63457.13,0.2687,-0.7538,0.00022,16.96861,1.5,0.0
2026-08-11T17:00:05Z,2026-08-14,3,65000.0,C,0.0016,0.0019,0.0018,63482.21,63457.13,0.2696,0.15336,0.00016,12.73861,790.1,109.1
2026-08-11T17:00:05Z,2026-08-14,3,65000.0,P,0.024,0.0275,0.0257,63482.52,63457.13,0.2696,-0.84659,0.00016,12.74146,104.2,6.2
2026-08-11T17:00:05Z,2026-08-14,3,65500.0,C,0.0008,0.0011,0.001,63482.21,63457.13,0.2727,0.08987,0.00011,8.73278,110.1,96.6
2026-08-11T17:00:05Z,2026-08-14,3,65500.0,P,0.0285,0.037,0.0327,63482.52,63457.13,0.2727,-0.9101,0.00011,8.7353,0.0,0.0
2026-08-11T17:00:05Z,2026-08-14,3,66000.0,C,0.0005,0.0007,0.0005,63482.21,63457.13,0.2836,0.05421,7e-05,5.92049,1100.0,85.5
2026-08-11T17:00:05Z,2026-08-14,3,66000.0,P,0.039,0.042,0.0402,63482.52,63457.13,0.2836,-0.94577,7e-05,5.92245,14.0,1.0
2026-08-11T17:00:05Z,2026-08-14,3,66500.0,C,0.0002,0.0005,0.0003,63482.52,63457.13,0.2974,0.03375,5e-05,4.03717,95.9,65.5
2026-08-11T17:00:05Z,2026-08-14,3,66500.0,P,0.014,0.086,0.0479,63482.21,63457.13,0.2974,-0.96628,5e-05,4.03488,0.0,0.0
2026-08-11T17:00:05Z,2026-08-14,3,67000.0,C,0.0002,0.0003,0.0002,63482.52,63457.13,0.32049999999999995,0.02438,3e-05,3.08081,850.0,152.6
2026-08-11T17:00:05Z,2026-08-14,3,67000.0,P,0.0545,0.0575,0.0557,63482.52,63457.13,0.32049999999999995,-0.97562,3e-05,3.08082,5.9,0.0
2026-08-11T17:00:05Z,2026-08-14,3,68000.0,C,0.0001,0.0002,0.0001,63482.52,63457.13,0.36369999999999997,0.01344,2e-05,1.85521,2567.3,71.6
2026-08-11T17:00:05Z,2026-08-14,3,68000.0,P,0.07,0.073,0.0713,63482.52,63457.13,0.36369999999999997,-0.98656,2e-05,1.85521,7.3,0.0
2026-08-11T17:00:05Z,2026-08-14,3,70000.0,C,0.0,0.0001,0.0,63482.21,63457.13,0.3961,0.00191,0.0,0.32727,1666.3,2.1
2026-08-11T17:00:05Z,2026-08-14,3,70000.0,P,0.066,0.143,0.1027,63482.52,63457.13,0.3961,-0.99809,0.0,0.32741,3.6,0.2
2026-08-11T17:00:05Z,2026-08-14,3,72000.0,C,0.0,0.0001,0.0,63482.52,63457.13,0.4727,0.0009,0.0,0.1648,1276.1,124.1
2026-08-11T17:00:05Z,2026-08-14,3,72000.0,P,0.096,0.1755,0.1342,63482.21,63457.13,0.4727,-0.9991,0.0,0.16474,0.0,0.0
2026-08-11T17:00:05Z,2026-08-14,3,75000.0,C,0.0,0.0001,0.0,63482.21,63457.13,0.4728,2e-05,0.0,0.0041,630.2,0.0
2026-08-11T17:00:05Z,2026-08-14,3,75000.0,P,0.1415,0.224,0.1814,63482.52,63457.13,0.4728,-0.99998,0.0,0.0041,0.4,0.0
2026-08-11T17:00:05Z,2026-08-14,3,80000.0,C,0.0,0.0001,0.0,63482.21,63457.13,0.5126,0.0,0.0,2e-05,905.1,0.0
2026-08-11T17:00:05Z,2026-08-14,3,80000.0,P,0.2185,0.3065,0.2602,63482.52,63457.13,0.5126,-1.0,0.0,2e-05,0.1,0.0
2026-08-11T17:00:05Z,2026-08-15,4,57000.0,C,0.0695,0.135,0.1026,63492.66,63457.13,0.5322,0.98033,1e-05,3.02099,0.0,0.0
2026-08-11T17:00:05Z,2026-08-15,4,57000.0,P,0.0003,0.0005,0.0004,63492.05,63457.13,0.5322,-0.01968,1e-05,3.02209,3.1,3.1
2026-08-11T17:00:05Z,2026-08-15,4,58000.0,C,0.054,0.12,0.0871,63492.66,63457.13,0.48590000000000005,0.9708,2e-05,4.21038,0.0,0.0
2026-08-11T17:00:05Z,2026-08-15,4,58000.0,P,0.0004,0.0007,0.0006,63492.05,63457.13,0.48590000000000005,-0.02922,2e-05,4.21193,2.5,2.5
2026-08-11T17:00:05Z,2026-08-15,4,59000.0,C,0.0375,0.1045,0.0715,63492.05,63457.13,0.4363,0.9563,3e-05,5.85703,0.0,0.0
2026-08-11T17:00:05Z,2026-08-15,4,59000.0,P,0.0007,0.0009,0.0008,63492.66,63457.13,0.4363,-0.04367,3e-05,5.85488,8.9,9.2
2026-08-11T17:00:05Z,2026-08-15,4,60000.0,C,0.052,0.06,0.0562,63492.66,63457.13,0.3896,0.93012,5e-05,8.48467,0.0,0.0
2026-08-11T17:00:05Z,2026-08-15,4,60000.0,P,0.0011,0.0014,0.0012,63492.66,63457.13,0.3896,-0.06988,5e-05,8.48467,35.4,35.4
2026-08-11T17:00:05Z,2026-08-15,4,61000.0,C,0.0375,0.0685,0.0413,63492.05,63457.13,0.34729999999999994,0.87982,9e-05,12.67067,0.0,0.0
2026-08-11T17:00:05Z,2026-08-15,4,61000.0,P,0.0019,0.0023,0.0021,63492.05,63457.13,0.34729999999999994,-0.12018,9e-05,12.67067,20.7,20.7
2026-08-11T17:00:05Z,2026-08-15,4,61500.0,C,0.0305,0.0515,0.0342,63492.66,63457.13,0.3282,0.83923,0.00012,15.4439,0.0,0.0
2026-08-11T17:00:05Z,2026-08-15,4,61500.0,P,0.0026,0.0031,0.0028,63492.82,63457.13,0.3282,-0.16075,0.00012,15.44288,3.7,3.7
2026-08-11T17:00:05Z,2026-08-15,4,62000.0,C,0.025,0.047,0.0275,63492.82,63457.13,0.31420000000000003,0.78095,0.00015,18.6886,0.0,0.0
2026-08-11T17:00:05Z,2026-08-15,4,62000.0,P,0.0038,0.0043,0.004,63492.82,63457.13,0.31420000000000003,-0.21905,0.00015,18.6886,2.1,2.1
2026-08-11T17:00:05Z,2026-08-15,4,62500.0,C,0.019,0.022,0.0213,63492.82,63457.13,0.3011,0.70549,0.00018,21.81519,0.0,0.0
2026-08-11T17:00:05Z,2026-08-15,4,62500.0,P,0.005,0.006,0.0057,63492.82,63457.13,0.3011,-0.29451,0.00018,21.81519,0.0,0.0
2026-08-11T17:00:05Z,2026-08-15,4,63000.0,C,0.015,0.0165,0.0158,63492.82,63457.13,0.29,0.61182,0.00021,24.24492,50.0,50.0
2026-08-11T17:00:05Z,2026-08-15,4,63000.0,P,0.0075,0.0085,0.008,63492.82,63457.13,0.29,-0.38818,0.00021,24.24492,0.1,0.1
2026-08-11T17:00:05Z,2026-08-15,4,63500.0,C,0.0105,0.0115,0.0112,63492.82,63457.13,0.2826,0.50401,0.00022,25.2418,54.5,54.5
2026-08-11T17:00:05Z,2026-08-15,4,63500.0,P,0.011,0.012,0.0113,63492.82,63457.13,0.2826,-0.49599,0.00022,25.2418,0.1,0.1
2026-08-11T17:00:05Z,2026-08-15,4,64000.0,C,0.007,0.008,0.0075,63493.3,63457.13,0.2776,0.39223,0.00022,24.31646,16.1,16.1
2026-08-11T17:00:05Z,2026-08-15,4,64000.0,P,0.0145,0.0165,0.0155,63493.3,63457.13,0.2776,-0.60777,0.00022,24.31646,0.0,0.0
2026-08-11T17:00:05Z,2026-08-15,4,64500.0,C,0.0045,0.005,0.0048,63492.82,63457.13,0.27440000000000003,0.28712,0.0002,21.55784,31.5,31.5
2026-08-11T17:00:05Z,2026-08-15,4,64500.0,P,0.0185,0.0335,0.0207,63493.3,63457.13,0.27440000000000003,-0.71278,0.0002,21.56135,0.0,0.0
2026-08-11T17:00:05Z,2026-08-15,4,65000.0,C,0.0027,0.0032,0.003,63492.82,63457.13,0.2728,0.19782,0.00016,17.59781,1.2,1.2
2026-08-11T17:00:05Z,2026-08-15,4,65000.0,P,0.0235,0.042,0.0267,63492.82,63457.13,0.2728,-0.80218,0.00016,17.59781,0.0,0.0
2026-08-11T17:00:05Z,2026-08-15,4,65500.0,C,0.0016,0.002,0.0018,63492.82,63457.13,0.2758,0.13163,0.00012,13.50152,0.8,0.8
2026-08-11T17:00:05Z,2026-08-15,4,65500.0,P,0.0295,0.0505,0.0334,63493.3,63457.13,0.2758,-0.86831,0.00012,13.50577,0.0,0.0
2026-08-11T17:00:05Z,2026-08-15,4,66000.0,C,0.0009,0.0013,0.0011,63492.82,63457.13,0.2822,0.08643,9e-05,9.9696,0.0,0.0
2026-08-11T17:00:05Z,2026-08-15,4,66000.0,P,0.0365,0.071,0.0406,63493.3,63457.13,0.2822,-0.91353,9e-05,9.97333,0.0,0.0
2026-08-11T17:00:05Z,2026-08-15,4,66500.0,C,0.0006,0.0008,0.0007,63493.3,63457.13,0.29109999999999997,0.05704,6e-05,7.24362,2.5,2.5
2026-08-11T17:00:05Z,2026-08-15,4,66500.0,P,0.0145,0.086,0.0481,63492.82,63457.13,0.29109999999999997,-0.94299,6e-05,7.24059,0.0,0.0
2026-08-11T17:00:05Z,2026-08-15,4,67000.0,C,0.0004,0.0005,0.0005,63493.3,63457.13,0.3057,0.04013,4e-05,5.46735,10.1,10.1
2026-08-11T17:00:05Z,2026-08-15,4,67000.0,P,0.0205,0.095,0.0557,63493.3,63457.13,0.3057,-0.95987,4e-05,5.46735,0.0,0.0
2026-08-11T17:00:05Z,2026-08-15,4,68000.0,C,0.0002,0.0003,0.0002,63493.3,63457.13,0.3343,0.02059,2e-05,3.13988,0.0,0.0
2026-08-11T17:00:05Z,2026-08-15,4,68000.0,P,0.0355,0.111,0.0712,63492.82,63457.13,0.3343,-0.97942,2e-05,3.1384,0.0,0.0
2026-08-11T17:00:05Z,2026-08-15,4,69000.0,C,0.0001,0.0002,0.0001,63493.44,63457.13,0.3664,0.01192,1e-05,1.96468,0.2,0.2
2026-08-11T17:00:05Z,2026-08-15,4,69000.0,P,0.0505,0.127,0.0869,63493.44,63457.13,0.3664,-0.98808,1e-05,1.96468,0.0,0.0
2026-08-11T17:00:05Z,2026-08-15,4,70000.0,C,0.0,0.0002,0.0001,63493.44,63457.13,0.3796,0.00524,1e-05,0.95367,2.1,2.1
2026-08-11T17:00:05Z,2026-08-15,4,70000.0,P,0.0655,0.1435,0.1026,63493.35,63457.13,0.3796,-0.99476,1e-05,0.95358,0.0,0.0
2026-08-11T17:00:05Z,2026-08-15,4,71000.0,C,0.0,0.0001,0.0,63493.44,63457.13,0.3849,0.0019,0.0,0.38309,1.0,1.0
2026-08-11T17:00:05Z,2026-08-15,4,71000.0,P,0.0805,0.159,0.1183,63493.44,63457.13,0.3849,-0.9981,0.0,0.38309,0.0,0.0
2026-08-11T17:00:05Z,2026-08-21,10,53000.0,C,0.136,0.1955,0.1661,63533.76,63457.13,0.5033,0.98806,1e-05,3.20871,0.0,0.0
2026-08-11T17:00:05Z,2026-08-21,10,53000.0,P,0.0003,0.0004,0.0003,63533.63,63457.13,0.5033,-0.01194,1e-05,3.20888,79.8,10.4
2026-08-11T17:00:05Z,2026-08-21,10,55000.0,C,0.103,0.166,0.135,63533.76,63457.13,0.4578,0.97599,1e-05,5.82847,0.0,0.0
2026-08-11T17:00:05Z,2026-08-21,10,55000.0,P,0.0006,0.0007,0.0007,63533.76,63457.13,0.4578,-0.02401,1e-05,5.82847,106.3,4.0
2026-08-11T17:00:05Z,2026-08-21,10,56000.0,C,0.0875,0.151,0.1195,63533.63,63457.13,0.4354,0.96567,2e-05,7.84558,0.0,0.0
2026-08-11T17:00:05Z,2026-08-21,10,56000.0,P,0.0009,0.0011,0.001,63533.63,63457.13,0.4354,-0.03433,2e-05,7.84558,51.7,15.0
2026-08-11T17:00:05Z,2026-08-21,10,58000.0,C,0.085,0.1,0.089,63533.63,63457.13,0.385,0.93175,3e-05,13.58533,0.0,0.0
2026-08-11T17:00:05Z,2026-08-21,10,58000.0,P,0.0019,0.002,0.0019,63533.63,63457.13,0.385,-0.06825,3e-05,13.58533,367.0,260.4
2026-08-11T17:00:05Z,2026-08-21,10,59000.0,C,0.0705,0.097,0.0742,63533.63,63457.13,0.3624,0.90104,5e-05,17.96845,0.0,0.0
2026-08-11T17:00:05Z,2026-08-21,10,59000.0,P,0.0027,0.0029,0.0028,63533.63,63457.13,0.3624,-0.09896,5e-05,17.96845,140.9,6.1
2026-08-11T17:00:05Z,2026-08-21,10,60000.0,C,0.056,0.0655,0.0598,63533.63,63457.13,0.3421,0.85497,6e-05,23.51839,0.0,0.0
2026-08-11T17:00:05Z,2026-08-21,10,60000.0,P,0.0041,0.0044,0.0042,63533.59,63457.13,0.3421,-0.14503,6e-05,23.51868,637.8,66.8
2026-08-11T17:00:05Z,2026-08-21,10,61000.0,C,0.043,0.0475,0.0464,63533.76,63457.13,0.3239,0.78817,9e-05,29.88534,4.0,1.0
2026-08-11T17:00:05Z,2026-08-21,10,61000.0,P,0.006,0.007,0.0065,63533.63,63457.13,0.3239,-0.21184,9e-05,29.88621,1228.5,608.5
2026-08-11T17:00:05Z,2026-08-21,10,62000.0,C,0.0335,0.035,0.0341,63533.63,63457.13,0.3086,0.69592,0.00011,36.09033,27.7,0.6
2026-08-11T17:00:05Z,2026-08-21,10,62000.0,P,0.0095,0.0105,0.01,63533.63,63457.13,0.3086,-0.30408,0.00011,36.09033,228.1,15.2
2026-08-11T17:00:05Z,2026-08-21,10,63000.0,C,0.023,0.024,0.0238,63533.63,63457.13,0.2988,0.57851,0.00013,40.35969,24.8,9.3
2026-08-11T17:00:05Z,2026-08-21,10,63000.0,P,0.015,0.0155,0.0154,63533.63,63457.13,0.2988,-0.42149,0.00013,40.35969,110.9,8.8
2026-08-11T17:00:05Z,2026-08-21,10,64000.0,C,0.0145,0.0155,0.0152,63533.76,63457.13,0.2862,0.44668,0.00013,40.79114,61.5,24.1
2026-08-11T17:00:05Z,2026-08-21,10,64000.0,P,0.022,0.023,0.0225,63533.63,63457.13,0.2862,-0.55334,0.00013,40.79081,139.8,19.6
2026-08-11T17:00:05Z,2026-08-21,10,65000.0,C,0.0085,0.009,0.009,63533.63,63457.13,0.2792,0.31538,0.00012,36.66896,331.7,60.1
2026-08-11T17:00:05Z,2026-08-21,10,65000.0,P,0.03,0.033,0.0321,63533.63,63457.13,0.2792,-0.68462,0.00012,36.66896,98.7,5.1
2026-08-11T17:00:05Z,2026-08-21,10,66000.0,C,0.0048,0.0055,0.0052,63533.76,63457.13,0.2789,0.20663,0.0001,29.45189,540.9,197.1
2026-08-11T17:00:05Z,2026-08-21,10,66000.0,P,0.0405,0.0665,0.044,63533.76,63457.13,0.2789,-0.79337,0.0001,29.45189,11.7,0.0
2026-08-11T17:00:05Z,2026-08-21,10,67000.0,C,0.0024,0.0028,0.0028,63533.59,63457.13,0.2789,0.12503,7e-05,21.24127,1239.4,131.2
2026-08-11T17:00:05Z,2026-08-21,10,67000.0,P,0.0535,0.094,0.0573,63533.44,63457.13,0.2789,-0.87498,7e-05,21.23994,10.4,0.2
2026-08-11T17:00:05Z,2026-08-21,10,68000.0,C,0.0013,0.0015,0.0014,63533.44,63457.13,0.2803,0.07077,5e-05,13.96904,2005.9,49.0
2026-08-11T17:00:05Z,2026-08-21,10,68000.0,P,0.0675,0.0835,0.0717,63533.44,63457.13,0.2803,-0.92923,5e-05,13.96904,0.3,0.3
2026-08-11T17:00:05Z,2026-08-21,10,69000.0,C,0.0007,0.0009,0.0008,63533.59,63457.13,0.29100000000000004,0.04246,3e-05,9.33055,583.8,3.1
2026-08-11T17:00:05Z,2026-08-21,10,69000.0,P,0.0505,0.1285,0.0868,63533.59,63457.13,0.29100000000000004,-0.95754,3e-05,9.33055,0.0,0.0
2026-08-11T17:00:05Z,2026-08-21,10,70000.0,C,0.0004,0.0006,0.0005,63533.44,63457.13,0.307,0.02747,2e-05,6.52318,1486.2,2.6
2026-08-11T17:00:05Z,2026-08-21,10,70000.0,P,0.065,0.1435,0.1023,63533.59,63457.13,0.307,-0.97253,2e-05,6.52379,0.0,0.0
2026-08-11T17:00:05Z,2026-08-21,10,72000.0,C,0.0003,0.0004,0.0003,63533.44,63457.13,0.3582,0.01694,1e-05,4.33606,578.4,231.6
2026-08-11T17:00:05Z,2026-08-21,10,72000.0,P,0.0955,0.176,0.1336,63533.59,63457.13,0.3582,-0.98306,1e-05,4.33644,0.0,0.0
2026-08-11T17:00:05Z,2026-08-21,10,75000.0,C,0.0001,0.0002,0.0001,63533.44,63457.13,0.4086,0.0068,0.0,1.9604,1517.5,5.6
2026-08-11T17:00:05Z,2026-08-21,10,75000.0,P,0.141,0.224,0.1806,63533.59,63457.13,0.4086,-0.9932,0.0,1.96058,0.0,0.0
2026-08-11T17:00:05Z,2026-08-28,17,40000.0,C,0.3695,0.3925,0.371,63593.57,63457.13,0.6936,0.99933,0.0,0.31731,23.4,0.0
2026-08-11T17:00:05Z,2026-08-28,17,40000.0,P,0.0,0.0001,0.0,63593.57,63457.13,0.6936,-0.00067,0.0,0.31731,752.0,1.0
2026-08-11T17:00:05Z,2026-08-28,17,46000.0,C,0.2505,0.303,0.2769,63593.57,63457.13,0.6153,0.99433,0.0,2.19492,1.0,0.0
2026-08-11T17:00:05Z,2026-08-28,17,46000.0,P,0.0002,0.0003,0.0002,63593.57,63457.13,0.6153,-0.00567,0.0,2.19492,1746.1,17.8
2026-08-11T17:00:05Z,2026-08-28,17,48000.0,C,0.242,0.249,0.2456,63593.57,63457.13,0.5837,0.98984,0.0,3.66624,37.5,0.0
2026-08-11T17:00:05Z,2026-08-28,17,48000.0,P,0.0004,0.0005,0.0004,63593.57,63457.13,0.5837,-0.01016,0.0,3.66624,1545.1,98.2
2026-08-11T17:00:05Z,2026-08-28,17,50000.0,C,0.211,0.218,0.2144,63593.57,63457.13,0.541,0.98385,1e-05,5.47654,51.0,0.0
2026-08-11T17:00:05Z,2026-08-28,17,50000.0,P,0.0006,0.0008,0.0007,63593.57,63457.13,0.541,-0.01615,1e-05,5.47654,2833.2,20.3
2026-08-11T17:00:05Z,2026-08-28,17,52000.0,C,0.18,0.187,0.1834,63593.44,63457.13,0.4991,0.97399,1e-05,8.20045,51.0,0.0
2026-08-11T17:00:05Z,2026-08-28,17,52000.0,P,0.001,0.0012,0.0011,63593.44,63457.13,0.4991,-0.02601,1e-05,8.20045,1332.8,110.4
2026-08-11T17:00:05Z,2026-08-28,17,53000.0,C,0.1645,0.1715,0.1679,63593.44,63457.13,0.47259999999999996,0.96834,1e-05,9.65486,10.9,0.0
2026-08-11T17:00:05Z,2026-08-28,17,53000.0,P,0.0012,0.0013,0.0013,63593.44,63457.13,0.47259999999999996,-0.03166,1e-05,9.65486,878.0,0.4
2026-08-11T17:00:05Z,2026-08-28,17,54000.0,C,0.149,0.156,0.1526,63593.44,63457.13,0.457,0.95776,1e-05,12.2229,12.2,0.0
2026-08-11T17:00:05Z,2026-08-28,17,54000.0,P,0.0016,0.0019,0.0017,63593.44,63457.13,0.457,-0.04224,1e-05,12.2229,1669.8,182.3
2026-08-11T17:00:05Z,2026-08-28,17,55000.0,C,0.1335,0.141,0.1373,63593.44,63457.13,0.4355,0.94614,2e-05,14.84943,11.8,0.0
2026-08-11T17:00:05Z,2026-08-28,17,55000.0,P,0.0021,0.0023,0.0022,63593.44,63457.13,0.4355,-0.05386,2e-05,14.84943,1182.3,200.4
2026-08-11T17:00:05Z,2026-08-28,17,56000.0,C,0.1185,0.126,0.1223,63593.44,63457.13,0.41659999999999997,0.92985,2e-05,18.25381,63.4,0.0
2026-08-11T17:00:05Z,2026-08-28,17,56000.0,P,0.0027,0.003,0.0029,63592.14,63457.13,0.41659999999999997,-0.07018,2e-05,18.25962,1149.4,1.5
2026-08-11T17:00:05Z,2026-08-28,17,57000.0,C,0.1035,0.1105,0.1074,63593.44,63457.13,0.3983,0.90829,3e-05,22.35024,28.5,0.0
2026-08-11T17:00:05Z,2026-08-28,17,57000.0,P,0.0036,0.0039,0.0038,63593.44,63457.13,0.3983,-0.09171,3e-05,22.35024,1017.0,3.2
2026-08-11T17:00:05Z,2026-08-28,17,58000.0,C,0.089,0.0965,0.0931,63593.44,63457.13,0.384,0.87784,4e-05,27.49245,155.1,0.0
2026-08-11T17:00:05Z,2026-08-28,17,58000.0,P,0.0048,0.0055,0.0051,63593.44,63457.13,0.384,-0.12216,4e-05,27.49245,1025.1,75.4
2026-08-11T17:00:05Z,2026-08-28,17,59000.0,C,0.075,0.082,0.0789,63593.44,63457.13,0.3651,0.84164,5e-05,32.80039,214.3,0.0
2026-08-11T17:00:05Z,2026-08-28,17,59000.0,P,0.0065,0.007,0.0067,63593.44,63457.13,0.3651,-0.15836,5e-05,32.80039,823.3,2.7
2026-08-11T17:00:05Z,2026-08-28,17,60000.0,C,0.064,0.0685,0.0655,63593.44,63457.13,0.34909999999999997,0.79334,6e-05,38.7473,435.4,0.0
2026-08-11T17:00:05Z,2026-08-28,17,60000.0,P,0.0085,0.0095,0.009,63593.44,63457.13,0.34909999999999997,-0.20666,6e-05,38.7473,1582.1,44.7
2026-08-11T17:00:05Z,2026-08-28,17,61000.0,C,0.052,0.055,0.0532,63593.44,63457.13,0.3393,0.72944,7e-05,44.92161,610.9,0.5
2026-08-11T17:00:05Z,2026-08-28,17,61000.0,P,0.012,0.013,0.0125,63593.44,63457.13,0.3393,-0.27056,7e-05,44.92161,869.2,102.4
2026-08-11T17:00:05Z,2026-08-28,17,62000.0,C,0.041,0.043,0.042,63593.44,63457.13,0.32909999999999995,0.65409,8e-05,50.05407,901.2,13.8
2026-08-11T17:00:05Z,2026-08-28,17,62000.0,P,0.0165,0.0175,0.0169,63593.44,63457.13,0.32909999999999995,-0.34591,8e-05,50.05407,877.4,553.7
2026-08-11T17:00:05Z,2026-08-28,17,63000.0,C,0.0315,0.0325,0.032,63593.44,63457.13,0.32,0.56806,9e-05,53.35502,981.7,0.9
2026-08-11T17:00:05Z,2026-08-28,17,63000.0,P,0.022,0.023,0.0227,63592.21,63457.13,0.32,-0.43205,9e-05,53.35657,677.6,8.7
2026-08-11T17:00:05Z,2026-08-28,17,64000.0,C,0.023,0.024,0.0236,63593.44,63457.13,0.3122,0.47514,9e-05,54.03967,535.3,28.0
2026-08-11T17:00:05Z,2026-08-28,17,64000.0,P,0.0295,0.0305,0.03,63592.21,63457.13,0.3122,-0.52497,9e-05,54.03765,839.2,39.8
2026-08-11T17:00:05Z,2026-08-28,17,65000.0,C,0.016,0.017,0.0166,63592.21,63457.13,0.3043,0.38031,9e-05,51.68849,1401.1,47.5
2026-08-11T17:00:05Z,2026-08-28,17,65000.0,P,0.038,0.0395,0.0387,63593.44,63457.13,0.3043,-0.61957,9e-05,51.69422,911.6,6.4
2026-08-11T17:00:05Z,2026-08-28,17,66000.0,C,0.011,0.012,0.0115,63592.21,63457.13,0.30219999999999997,0.29326,8e-05,46.6994,873.3,35.1
2026-08-11T17:00:05Z,2026-08-28,17,66000.0,P,0.047,0.052,0.0494,63593.44,63457.13,0.30219999999999997,-0.70664,8e-05,46.70796,213.4,2.1
2026-08-11T17:00:05Z,2026-08-28,17,67000.0,C,0.007,0.008,0.0075,63593.44,63457.13,0.2975,0.21476,7e-05,39.63016,1566.0,96.5
2026-08-11T17:00:05Z,2026-08-28,17,67000.0,P,0.058,0.065,0.0611,63593.44,63457.13,0.2975,-0.78524,7e-05,39.63016,60.8,0.0
2026-08-11T17:00:05Z,2026-08-28,17,68000.0,C,0.0047,0.0055,0.0051,63592.21,63457.13,0.3016,0.15651,6e-05,32.54732,1273.2,64.9
2026-08-11T17:00:05Z,2026-08-28,17,68000.0,P,0.0705,0.078,0.0744,63593.44,63457.13,0.3016,-0.84342,6e-05,32.55797,84.3,0.0
2026-08-11T17:00:05Z,2026-08-28,17,69000.0,C,0.003,0.0033,0.0033,63592.21,63457.13,0.3016,0.10829,5e-05,25.23369,945.1,23.7
2026-08-11T17:00:05Z,2026-08-28,17,69000.0,P,0.084,0.092,0.0883,63593.44,63457.13,0.3016,-0.89166,5e-05,25.24372,49.4,0.0
2026-08-11T17:00:05Z,2026-08-28,17,70000.0,C,0.002,0.0022,0.0021,63592.21,63457.13,0.3048,0.07444,3e-05,19.10139,2291.5,6.8
2026-08-11T17:00:05Z,2026-08-28,17,70000.0,P,0.0985,0.1075,0.1029,63593.44,63457.13,0.3048,-0.92552,3e-05,19.11008,178.4,0.2
2026-08-11T17:00:05Z,2026-08-28,17,71000.0,C,0.0012,0.0014,0.0014,63593.44,63457.13,0.3085,0.05049,2e-05,14.10684,1501.3,34.6
2026-08-11T17:00:05Z,2026-08-28,17,71000.0,P,0.0805,0.161,0.1178,63593.44,63457.13,0.3085,-0.94951,2e-05,14.10684,11.1,0.0
2026-08-11T17:00:05Z,2026-08-28,17,72000.0,C,0.0008,0.001,0.001,63593.44,63457.13,0.3181,0.03632,2e-05,10.80947,2938.5,6.1
2026-08-11T17:00:05Z,2026-08-28,17,72000.0,P,0.128,0.1385,0.1331,63592.21,63457.13,0.3181,-0.96371,2e-05,10.80348,86.3,0.0
2026-08-11T17:00:05Z,2026-08-28,17,73000.0,C,0.0006,0.0008,0.0007,63593.44,63457.13,0.3286,0.02669,1e-05,8.37745,1751.6,2.4
2026-08-11T17:00:05Z,2026-08-28,17,73000.0,P,0.11,0.1925,0.1486,63593.44,63457.13,0.3286,-0.97331,1e-05,8.37745,5.1,0.0
2026-08-11T17:00:05Z,2026-08-28,17,74000.0,C,0.0004,0.0006,0.0005,63593.44,63457.13,0.3373,0.01924,1e-05,6.35979,2162.3,318.4
2026-08-11T17:00:05Z,2026-08-28,17,74000.0,P,0.1245,0.2075,0.1641,63592.21,63457.13,0.3373,-0.98077,1e-05,6.35611,3.3,0.0
2026-08-11T17:00:05Z,2026-08-28,17,75000.0,C,0.0003,0.0005,0.0004,63592.21,63457.13,0.3507,0.01511,1e-05,5.17229,2721.1,339.4
2026-08-11T17:00:05Z,2026-08-28,17,75000.0,P,0.1745,0.185,0.1798,63592.21,63457.13,0.3507,-0.98489,1e-05,5.17229,44.2,0.0
2026-08-11T17:00:05Z,2026-08-28,17,76000.0,C,0.0003,0.0004,0.0003,63592.21,63457.13,0.36450000000000005,0.01215,1e-05,4.28574,1029.1,30.0
2026-08-11T17:00:05Z,2026-08-28,17,76000.0,P,0.1555,0.2395,0.1954,63592.21,63457.13,0.36450000000000005,-0.98785,1e-05,4.28574,5.4,0.0
2026-08-11T17:00:05Z,2026-08-28,17,77000.0,C,0.0002,0.0004,0.0003,63592.21,63457.13,0.3824,0.01062,1e-05,3.81303,231.8,22.0
2026-08-11T17:00:05Z,2026-08-28,17,77000.0,P,0.1705,0.2565,0.2111,63592.21,63457.13,0.3824,-0.98938,1e-05,3.81303,3.4,0.0
2026-08-11T17:00:05Z,2026-08-28,17,78000.0,C,0.0002,0.0003,0.0002,63592.21,63457.13,0.3969,0.00893,0.0,3.27541,1332.6,8.0
2026-08-11T17:00:05Z,2026-08-28,17,78000.0,P,0.186,0.273,0.2268,63592.21,63457.13,0.3969,-0.99107,0.0,3.27541,4.1,0.0
2026-08-11T17:00:05Z,2026-08-28,17,79000.0,C,0.0002,0.0003,0.0002,63592.21,63457.13,0.4182,0.00852,0.0,3.14336,861.6,226.9
2026-08-11T17:00:05Z,2026-08-28,17,79000.0,P,0.201,0.289,0.2425,63592.21,63457.13,0.4182,-0.99148,0.0,3.14336,0.7,0.0
2026-08-11T17:00:05Z,2026-08-28,17,80000.0,C,0.0001,0.0002,0.0002,63592.21,63457.13,0.4183,0.00576,0.0,2.2272,2145.8,2.2
2026-08-11T17:00:05Z,2026-08-28,17,80000.0,P,0.2525,0.264,0.2582,63592.21,63457.13,0.4183,-0.99424,0.0,2.2272,29.5,0.0
2026-08-11T17:00:05Z,2026-08-28,17,81000.0,C,0.0001,0.0002,0.0001,63592.21,63457.13,0.433,0.00505,0.0,1.98013,1451.1,0.1
2026-08-11T17:00:05Z,2026-08-28,17,81000.0,P,0.231,0.321,0.2739,63592.21,63457.13,0.433,-0.99495,0.0,1.98013,0.1,0.0
2026-08-11T17:00:05Z,2026-08-28,17,82000.0,C,0.0,0.0002,0.0001,63592.21,63457.13,0.4506,0.00472,0.0,1.8636,1507.6,5.0
2026-08-11T17:00:05Z,2026-08-28,17,82000.0,P,0.2465,0.337,0.2896,63592.21,63457.13,0.4506,-0.99528,0.0,1.8636,1.5,0.0
2026-08-11T17:00:05Z,2026-08-28,17,83000.0,C,0.0,0.0002,0.0001,63592.21,63457.13,0.4604,0.00389,0.0,1.56796,534.8,1.0
2026-08-11T17:00:05Z,2026-08-28,17,83000.0,P,0.262,0.3535,0.3053,63592.21,63457.13,0.4604,-0.99611,0.0,1.56796,0.1,0.0
2026-08-11T17:00:05Z,2026-08-28,17,84000.0,C,0.0,0.0002,0.0001,63592.21,63457.13,0.461,0.00272,0.0,1.13629,60.2,0.0
2026-08-11T17:00:05Z,2026-08-28,17,84000.0,P,0.2765,0.37,0.321,63592.21,63457.13,0.461,-0.99728,0.0,1.13629,0.8,0.0
2026-08-11T17:00:05Z,2026-08-28,17,85000.0,C,0.0,0.0001,0.0001,63592.21,63457.13,0.46649999999999997,0.00209,0.0,0.89404,319.4,0.2
2026-08-11T17:00:05Z,2026-08-28,17,85000.0,P,0.2915,0.3865,0.3367,63592.21,63457.13,0.46649999999999997,-0.99791,0.0,0.89404,0.8,0.0
2026-08-11T17:00:05Z,2026-08-28,17,86000.0,C,0.0,0.0001,0.0001,63592.21,63457.13,0.48340000000000005,0.00202,0.0,0.87018,190.3,0.3
2026-08-11T17:00:05Z,2026-08-28,17,86000.0,P,0.307,0.402,0.3524,63592.21,63457.13,0.48340000000000005,-0.99798,0.0,0.87018,0.0,0.0
2026-08-11T17:00:05Z,2026-08-28,17,88000.0,C,0.0,0.0001,0.0001,63592.44,63457.13,0.5176,0.00195,0.0,0.84223,183.9,1.5
2026-08-11T17:00:05Z,2026-08-28,17,88000.0,P,0.3375,0.4345,0.3839,63592.44,63457.13,0.5176,-0.99805,0.0,0.84223,0.0,0.0
2026-08-11T17:00:05Z,2026-08-28,17,90000.0,C,0.0,0.0001,0.0001,63592.44,63457.13,0.5507,0.00189,0.0,0.81658,368.7,42.5
2026-08-11T17:00:05Z,2026-08-28,17,90000.0,P,0.368,0.4675,0.4153,63592.44,63457.13,0.5507,-0.99811,0.0,0.81658,11.1,0.0
2026-08-11T17:00:05Z,2026-08-28,17,92000.0,C,0.0,0.0001,0.0001,63592.44,63457.13,0.5829,0.00183,0.0,0.79297,113.3,0.0
2026-08-11T17:00:05Z,2026-08-28,17,92000.0,P,0.3985,0.5005,0.4468,63592.44,63457.13,0.5829,-0.99817,0.0,0.79297,1.2,0.0
2026-08-11T17:00:05Z,2026-08-28,17,94000.0,C,0.0,0.0001,0.0,63592.44,63457.13,0.5946,0.00128,0.0,0.573,220.2,0.0
2026-08-11T17:00:05Z,2026-08-28,17,94000.0,P,0.429,0.5325,0.4782,63591.7,63457.13,0.5946,-0.99872,0.0,0.57283,0.0,0.0
2026-08-11T17:00:05Z,2026-08-28,17,95000.0,C,0.0,0.0001,0.0,63592.44,63457.13,0.5946,0.00097,0.0,0.44403,58.3,0.0
2026-08-11T17:00:05Z,2026-08-28,17,95000.0,P,0.444,0.549,0.4939,63592.44,63457.13,0.5946,-0.99903,0.0,0.44403,0.3,0.0
2026-08-11T17:00:05Z,2026-08-28,17,96000.0,C,0.0,0.0001,0.0,63592.44,63457.13,0.5946,0.00073,0.0,0.34266,25.7,0.0
2026-08-11T17:00:05Z,2026-08-28,17,96000.0,P,0.4595,0.5645,0.5096,63592.44,63457.13,0.5946,-0.99927,0.0,0.34266,0.2,0.0
2026-08-11T17:00:05Z,2026-08-28,17,98000.0,C,0.0,0.0001,0.0,63592.44,63457.13,0.5946,0.00041,0.0,0.20165,161.0,0.0
2026-08-11T17:00:05Z,2026-08-28,17,98000.0,P,0.489,0.597,0.5411,63592.44,63457.13,0.5946,-0.99959,0.0,0.20165,0.0,0.0
2026-08-11T17:00:05Z,2026-08-28,17,100000.0,C,0.0,0.0001,0.0,63592.44,63457.13,0.5975,0.00024,0.0,0.12423,189.9,0.0
2026-08-11T17:00:05Z,2026-08-28,17,100000.0,P,0.5195,0.63,0.5725,63592.44,63457.13,0.5975,-0.99976,0.0,0.12423,0.5,0.0
2026-08-11T17:00:05Z,2026-08-28,17,105000.0,C,0.0,0.0001,0.0,63592.44,63457.13,0.6336999999999999,0.00014,0.0,0.07174,169.2,0.0
2026-08-11T17:00:05Z,2026-08-28,17,105000.0,P,0.596,0.7115,0.6511,63592.44,63457.13,0.6336999999999999,-0.99986,0.0,0.07174,1.0,0.0
2026-08-11T17:00:05Z,2026-08-28,17,110000.0,C,0.0,0.0001,0.0,63592.44,63457.13,0.6575,6e-05,0.0,0.0347,105.0,0.0
2026-08-11T17:00:05Z,2026-08-28,17,110000.0,P,0.6715,0.793,0.7297,63592.44,63457.13,0.6575,-0.99994,0.0,0.0347,0.2,0.0
2026-08-11T17:00:05Z,2026-09-25,45,30000.0,C,0.528,0.5325,0.5302,63783.98,63457.13,0.88,0.99541,0.0,2.9878,134.0,0.0
2026-08-11T17:00:05Z,2026-09-25,45,30000.0,P,0.0003,0.0007,0.0005,63784.41,63457.13,0.88,-0.00459,0.0,2.98765,2599.3,1.5
2026-08-11T17:00:05Z,2026-09-25,45,35000.0,C,0.4495,0.4545,0.4522,63783.98,63457.13,0.7683,0.99106,0.0,5.38674,29.3,0.0
2026-08-11T17:00:05Z,2026-09-25,45,35000.0,P,0.0007,0.0011,0.0009,63784.41,63457.13,0.7683,-0.00893,0.0,5.38646,895.9,14.4
2026-08-11T17:00:05Z,2026-09-25,45,40000.0,C,0.372,0.377,0.3744,63783.98,63457.13,0.6628000000000001,0.98338,0.0,9.22041,34.4,0.0
2026-08-11T17:00:05Z,2026-09-25,45,40000.0,P,0.0014,0.0015,0.0015,63783.98,63457.13,0.6628000000000001,-0.01662,0.0,9.22041,2311.2,2.1
2026-08-11T17:00:05Z,2026-09-25,45,45000.0,C,0.294,0.3,0.2971,63783.98,63457.13,0.5639,0.9691,1e-05,15.55059,224.8,0.0
2026-08-11T17:00:05Z,2026-09-25,45,45000.0,P,0.0024,0.0026,0.0025,63783.98,63457.13,0.5639,-0.0309,1e-05,15.55059,2177.3,2.4
2026-08-11T17:00:05Z,2026-09-25,45,50000.0,C,0.218,0.2245,0.2213,63783.98,63457.13,0.4878,0.93484,1e-05,28.33191,30.5,0.0
2026-08-11T17:00:05Z,2026-09-25,45,50000.0,P,0.0049,0.0055,0.0052,63783.98,63457.13,0.4878,-0.06516,1e-05,28.33191,3745.4,13.3
2026-08-11T17:00:05Z,2026-09-25,45,52000.0,C,0.1885,0.195,0.1917,63784.41,63457.13,0.45909999999999995,0.91193,2e-05,35.6375,75.0,0.0
2026-08-11T17:00:05Z,2026-09-25,45,52000.0,P,0.0065,0.007,0.007,63784.41,63457.13,0.45909999999999995,-0.08807,2e-05,35.6375,1243.0,84.3
2026-08-11T17:00:05Z,2026-09-25,45,54000.0,C,0.1595,0.1835,0.1629,63784.41,63457.13,0.4325,0.88037,2e-05,44.51656,7.2,0.0
2026-08-11T17:00:05Z,2026-09-25,45,54000.0,P,0.009,0.01,0.0095,63783.98,63457.13,0.4325,-0.11964,2e-05,44.5186,615.8,29.6
2026-08-11T17:00:05Z,2026-09-25,45,55000.0,C,0.1455,0.152,0.1491,63784.41,63457.13,0.4229,0.85905,2e-05,49.86822,143.7,0.0
2026-08-11T17:00:05Z,2026-09-25,45,55000.0,P,0.011,0.0115,0.0114,63783.98,63457.13,0.4229,-0.14096,2e-05,49.87033,2536.5,0.8
2026-08-11T17:00:05Z,2026-09-25,45,56000.0,C,0.132,0.138,0.1354,63783.98,63457.13,0.41100000000000003,0.83585,3e-05,55.17682,12.2,0.0
2026-08-11T17:00:05Z,2026-09-25,45,56000.0,P,0.013,0.0135,0.0134,63783.98,63457.13,0.41100000000000003,-0.16415,3e-05,55.17682,1362.0,58.6
2026-08-11T17:00:05Z,2026-09-25,45,58000.0,C,0.1065,0.1125,0.1096,63783.98,63457.13,0.3922,0.77689,3e-05,66.5683,460.8,0.0
2026-08-11T17:00:05Z,2026-09-25,45,58000.0,P,0.0185,0.0195,0.0189,63783.98,63457.13,0.3922,-0.22311,3e-05,66.5683,1356.6,26.7
2026-08-11T17:00:05Z,2026-09-25,45,60000.0,C,0.084,0.088,0.0858,63783.98,63457.13,0.3751,0.70258,4e-05,77.2406,852.2,0.6
2026-08-11T17:00:05Z,2026-09-25,45,60000.0,P,0.026,0.027,0.0265,63784.41,63457.13,0.3751,-0.2974,4e-05,77.23901,4796.8,110.0
2026-08-11T17:00:05Z,2026-09-25,45,62000.0,C,0.0645,0.066,0.065,63784.41,63457.13,0.36200000000000004,0.61312,5e-05,85.37373,680.5,0.0
2026-08-11T17:00:05Z,2026-09-25,45,62000.0,P,0.0365,0.0375,0.037,63783.98,63457.13,0.36200000000000004,-0.3869,5e-05,85.37446,1175.2,35.3
2026-08-11T17:00:05Z,2026-09-25,45,64000.0,C,0.047,0.048,0.0476,63783.98,63457.13,0.3531,0.5137,5e-05,88.92182,694.0,102.4
2026-08-11T17:00:05Z,2026-09-25,45,64000.0,P,0.0505,0.0515,0.051,63784.24,63457.13,0.3531,-0.48629,5e-05,88.92208,666.0,32.1
2026-08-11T17:00:05Z,2026-09-25,45,65000.0,C,0.0395,0.041,0.0403,63784.24,63457.13,0.3496,0.46281,5e-05,88.5878,1292.3,34.1
2026-08-11T17:00:05Z,2026-09-25,45,65000.0,P,0.0585,0.06,0.0593,63784.24,63457.13,0.3496,-0.53719,5e-05,88.5878,670.5,40.7
2026-08-11T17:00:05Z,2026-09-25,45,66000.0,C,0.033,0.034,0.0336,63784.24,63457.13,0.34590000000000004,0.41221,5e-05,86.81141,1128.3,150.3
2026-08-11T17:00:05Z,2026-09-25,45,66000.0,P,0.0675,0.069,0.0684,63784.24,63457.13,0.34590000000000004,-0.58779,5e-05,86.81141,873.4,0.3
2026-08-11T17:00:05Z,2026-09-25,45,68000.0,C,0.0225,0.0235,0.023,63783.98,63457.13,0.3414,0.31687,5e-05,79.42647,833.6,29.0
2026-08-11T17:00:05Z,2026-09-25,45,68000.0,P,0.087,0.0915,0.0891,63784.24,63457.13,0.3414,-0.68312,5e-05,79.42808,636.3,0.0
2026-08-11T17:00:05Z,2026-09-25,45,70000.0,C,0.015,0.0155,0.0153,63784.24,63457.13,0.33880000000000005,0.23403,4e-05,68.37942,8414.0,142.3
2026-08-11T17:00:05Z,2026-09-25,45,70000.0,P,0.109,0.1165,0.1128,63783.98,63457.13,0.33880000000000005,-0.76598,4e-05,68.37743,1522.7,1.4
2026-08-11T17:00:05Z,2026-09-25,45,72000.0,C,0.0095,0.0105,0.01,63784.24,63457.13,0.3389,0.16774,3e-05,55.95471,2963.6,345.6
2026-08-11T17:00:05Z,2026-09-25,45,72000.0,P,0.1345,0.143,0.1388,63783.98,63457.13,0.3389,-0.83227,3e-05,55.95263,274.7,0.0
2026-08-11T17:00:05Z,2026-09-25,45,74000.0,C,0.006,0.007,0.0065,63784.24,63457.13,0.34020000000000006,0.11714,3e-05,43.85892,1027.6,202.1
2026-08-11T17:00:05Z,2026-09-25,45,74000.0,P,0.162,0.1715,0.1666,63783.98,63457.13,0.34020000000000006,-0.88287,3e-05,43.85695,110.7,0.0
2026-08-11T17:00:05Z,2026-09-25,45,75000.0,C,0.0049,0.0055,0.0052,63784.24,63457.13,0.3414,0.09729,2e-05,38.36046,3670.4,50.2
2026-08-11T17:00:05Z,2026-09-25,45,75000.0,P,0.176,0.186,0.181,63784.24,63457.13,0.3414,-0.90271,2e-05,38.36046,2967.4,0.0
2026-08-11T17:00:05Z,2026-09-25,45,76000.0,C,0.0039,0.0041,0.0041,63783.98,63457.13,0.34149999999999997,0.07959,2e-05,33.02854,2809.3,76.1
2026-08-11T17:00:05Z,2026-09-25,45,76000.0,P,0.1905,0.201,0.1956,63783.98,63457.13,0.34149999999999997,-0.92041,2e-05,33.02854,599.6,0.0
2026-08-11T17:00:05Z,2026-09-25,45,78000.0,C,0.0025,0.0029,0.0028,63784.24,63457.13,0.3482,0.05573,1e-05,25.06967,4772.3,17.1
2026-08-11T17:00:05Z,2026-09-25,45,78000.0,P,0.22,0.2315,0.2256,63784.24,63457.13,0.3482,-0.94427,1e-05,25.06967,625.3,4.0
2026-08-11T17:00:05Z,2026-09-25,45,80000.0,C,0.0018,0.0021,0.0019,63784.24,63457.13,0.3577,0.04019,1e-05,19.29399,3250.7,3.5
2026-08-11T17:00:05Z,2026-09-25,45,80000.0,P,0.2505,0.262,0.2562,63784.24,63457.13,0.3577,-0.95981,1e-05,19.29399,612.6,0.2
2026-08-11T17:00:05Z,2026-09-25,45,82000.0,C,0.0014,0.0016,0.0015,63783.98,63457.13,0.37189999999999995,0.03095,1e-05,15.57236,2555.7,12.6
2026-08-11T17:00:05Z,2026-09-25,45,82000.0,P,0.281,0.293,0.2871,63784.24,63457.13,0.37189999999999995,-0.96905,1e-05,15.57334,194.1,0.0
2026-08-11T17:00:05Z,2026-09-25,45,84000.0,C,0.0011,0.0012,0.0012,63783.98,63457.13,0.3845,0.02383,1e-05,12.51945,1674.0,5.0
2026-08-11T17:00:05Z,2026-09-25,45,84000.0,P,0.3115,0.324,0.3181,63784.24,63457.13,0.3845,-0.97617,1e-05,12.52025,34.7,0.0
2026-08-11T17:00:05Z,2026-09-25,45,85000.0,C,0.0009,0.0011,0.0009,63784.24,63457.13,0.38670000000000004,0.0199,1e-05,10.75093,1207.4,6.7
2026-08-11T17:00:05Z,2026-09-25,45,85000.0,P,0.327,0.3395,0.3336,63784.17,63457.13,0.38670000000000004,-0.9801,1e-05,10.75074,453.0,0.0
2026-08-11T17:00:05Z,2026-09-25,45,86000.0,C,0.0008,0.001,0.0008,63784.24,63457.13,0.3935,0.01772,0.0,9.74089,898.6,0.3
2026-08-11T17:00:05Z,2026-09-25,45,86000.0,P,0.303,0.4005,0.3491,63784.24,63457.13,0.3935,-0.98228,0.0,9.74089,11.6,0.0
2026-08-11T17:00:05Z,2026-09-25,45,88000.0,C,0.0006,0.0007,0.0007,63784.17,63457.13,0.40740000000000004,0.01434,0.0,8.12735,658.2,0.2
2026-08-11T17:00:05Z,2026-09-25,45,88000.0,P,0.3335,0.433,0.3803,63784.24,63457.13,0.40740000000000004,-0.98566,0.0,8.1275,5.7,0.0
2026-08-11T17:00:05Z,2026-09-25,45,90000.0,C,0.0005,0.0006,0.0006,63784.17,63457.13,0.4203,0.01162,0.0,6.77513,3018.7,0.3
2026-08-11T17:00:05Z,2026-09-25,45,90000.0,P,0.4045,0.418,0.4116,63784.17,63457.13,0.4203,-0.98838,0.0,6.77513,586.2,0.0
2026-08-11T17:00:05Z,2026-09-25,45,92000.0,C,0.0004,0.0005,0.0005,63784.24,63457.13,0.4346,0.00978,0.0,5.83084,489.8,0.0
2026-08-11T17:00:05Z,2026-09-25,45,92000.0,P,0.3945,0.497,0.4428,63784.17,63457.13,0.4346,-0.99022,0.0,5.83074,4.3,0.0
2026-08-11T17:00:05Z,2026-09-25,45,94000.0,C,0.0003,0.0005,0.0004,63784.17,63457.13,0.44789999999999996,0.00824,0.0,5.01772,168.8,0.1
2026-08-11T17:00:05Z,2026-09-25,45,94000.0,P,0.4245,0.5295,0.4741,63784.24,63457.13,0.44789999999999996,-0.99176,0.0,5.01781,1.9,0.0
2026-08-11T17:00:05Z,2026-09-25,45,95000.0,C,0.0003,0.0004,0.0004,63784.17,63457.13,0.4558,0.00776,0.0,4.7574,1862.7,0.0
2026-08-11T17:00:05Z,2026-09-25,45,95000.0,P,0.4825,0.4965,0.4898,63784.17,63457.13,0.4558,-0.99224,0.0,4.7574,147.6,0.0
2026-08-11T17:00:05Z,2026-09-25,45,96000.0,C,0.0003,0.0004,0.0003,63784.24,63457.13,0.45630000000000004,0.00652,0.0,4.08247,306.5,0.1
2026-08-11T17:00:05Z,2026-09-25,45,96000.0,P,0.4545,0.5615,0.5054,63784.24,63457.13,0.45630000000000004,-0.99348,0.0,4.08247,1.0,0.0
2026-08-11T17:00:05Z,2026-09-25,45,98000.0,C,0.0002,0.0004,0.0003,63784.24,63457.13,0.4704,0.00572,0.0,3.63518,344.6,0.5
2026-08-11T17:00:05Z,2026-09-25,45,98000.0,P,0.485,0.5945,0.5367,63784.17,63457.13,0.4704,-0.99428,0.0,3.63512,0.1,0.0
2026-08-11T17:00:05Z,2026-09-25,45,100000.0,C,0.0002,0.0004,0.0003,63784.17,63457.13,0.4894,0.00551,0.0,3.5155,3631.3,3.1
2026-08-11T17:00:05Z,2026-09-25,45,100000.0,P,0.56,0.5755,0.5681,63784.24,63457.13,0.4894,-0.99449,0.0,3.51556,431.5,0.0
2026-08-11T17:00:05Z,2026-09-25,45,102000.0,C,0.0002,0.0006,0.0003,63784.17,63457.13,0.5045000000000001,0.00504,0.0,3.24588,91.3,0.2
2026-08-11T17:00:05Z,2026-09-25,45,102000.0,P,0.545,0.659,0.5994,63784.17,63457.13,0.5045000000000001,-0.99496,0.0,3.24588,0.4,0.0
2026-08-11T17:00:05Z,2026-09-25,45,105000.0,C,0.0001,0.0004,0.0002,63784.17,63457.13,0.5152,0.00371,0.0,2.47162,1206.8,0.2
2026-08-11T17:00:05Z,2026-09-25,45,105000.0,P,0.638,0.654,0.6464,63784.24,63457.13,0.5152,-0.99629,0.0,2.47166,104.6,0.0
2026-08-11T17:00:05Z,2026-09-25,45,110000.0,C,0.0001,0.0004,0.0002,63784.17,63457.13,0.5525,0.00322,0.0,2.17672,1324.7,12.4
2026-08-11T17:00:05Z,2026-09-25,45,110000.0,P,0.716,0.733,0.7247,63784.24,63457.13,0.5526,-0.99678,0.0,2.17732,116.1,0.0
2026-08-11T17:00:05Z,2026-09-25,45,115000.0,C,0.0001,0.0002,0.0001,63784.17,63457.13,0.5579999999999999,0.00173,0.0,1.24078,2184.0,7.7
2026-08-11T17:00:05Z,2026-09-25,45,115000.0,P,0.794,0.812,0.803,63784.24,63457.13,0.5579999999999999,-0.99827,0.0,1.2408,92.4,0.0
2026-08-11T17:00:05Z,2026-09-25,45,120000.0,C,0.0,0.0001,0.0001,63784.24,63457.13,0.5943,0.00166,0.0,1.19101,1137.3,18.5
2026-08-11T17:00:05Z,2026-09-25,45,120000.0,P,0.872,0.8905,0.8814,63784.24,63457.13,0.5943,-0.99834,0.0,1.19101,174.5,0.0
2026-08-11T17:00:05Z,2026-09-25,45,125000.0,C,0.0,0.0002,0.0001,63784.17,63457.13,0.6177,0.00132,0.0,0.96721,2323.8,0.1
2026-08-11T17:00:05Z,2026-09-25,45,125000.0,P,0.894,1.032,0.9598,63784.24,63457.13,0.6177,-0.99868,0.0,0.96723,21.8,0.0
2026-08-11T17:00:05Z,2026-09-25,45,130000.0,C,0.0,0.0002,0.0001,63784.24,63457.13,0.6353,0.00099,0.0,0.74173,1431.9,0.0
2026-08-11T17:00:05Z,2026-09-25,45,130000.0,P,0.97,1.113,1.0382,63784.24,63457.13,0.6353,-0.99901,0.0,0.74173,21.4,0.0
2026-08-11T17:00:05Z,2026-09-25,45,135000.0,C,0.0,0.0002,0.0001,63784.24,63457.13,0.6677,0.00099,0.0,0.74094,271.9,0.0
2026-08-11T17:00:05Z,2026-09-25,45,135000.0,P,1.0455,1.1945,1.1166,63784.17,63457.13,0.6677,-0.99901,0.0,0.74092,11.5,0.0
2026-08-11T17:00:05Z,2026-09-25,45,140000.0,C,0.0,0.0002,0.0001,63784.24,63457.13,0.6970999999999999,0.00096,0.0,0.72078,1184.4,0.0
2026-08-11T17:00:05Z,2026-09-25,45,140000.0,P,1.1215,1.276,1.195,63784.24,63457.13,0.6970999999999999,-0.99904,0.0,0.72078,1.4,0.0
2026-08-11T17:00:05Z,2026-09-25,45,145000.0,C,0.0,0.0002,0.0,63784.17,63457.13,0.6992,0.0006,0.0,0.47254,493.3,0.0
2026-08-11T17:00:05Z,2026-09-25,45,145000.0,P,1.197,1.357,1.2733,63784.17,63457.13,0.6992,-0.9994,0.0,0.47254,0.2,0.0
2026-08-11T17:00:05Z,2026-09-25,45,150000.0,C,0.0,0.0001,0.0,63784.17,63457.13,0.7256999999999999,0.00059,0.0,0.46254,736.8,0.0
2026-08-11T17:00:05Z,2026-09-25,45,150000.0,P,1.2725,1.438,1.3517,63784.24,63457.13,0.7256999999999999,-0.99941,0.0,0.46255,0.7,0.0
2026-08-11T17:00:05Z,2026-09-25,45,155000.0,C,0.0,0.0002,0.0,63784.17,63457.13,0.7511,0.00058,0.0,0.45315,363.1,0.0
2026-08-11T17:00:05Z,2026-09-25,45,155000.0,P,1.3485,1.5185,1.4301,63784.24,63457.13,0.7511,-0.99942,0.0,0.45316,0.1,0.0
2026-08-11T17:00:05Z,2026-09-25,45,160000.0,C,0.0,0.0002,0.0,63784.24,63457.13,0.7532,0.00039,0.0,0.3143,1444.3,0.0
2026-08-11T17:00:05Z,2026-09-25,45,160000.0,P,1.4235,1.6005,1.5085,63784.24,63457.13,0.7532,-0.99961,0.0,0.3143,0.6,0.0
2026-08-11T17:00:05Z,2026-09-25,45,165000.0,C,0.0,0.0001,0.0,63782.37,63457.13,0.7532,0.00025,0.0,0.21071,184.2,0.0
2026-08-11T17:00:05Z,2026-09-25,45,165000.0,P,1.5,1.6815,1.5869,63782.37,63457.13,0.7532,-0.99975,0.0,0.21071,0.0,0.0
2026-08-11T17:00:05Z,2026-09-25,45,170000.0,C,0.0,0.0001,0.0,63784.24,63457.13,0.7532,0.00017,0.0,0.14123,359.5,0.0
2026-08-11T17:00:05Z,2026-09-25,45,170000.0,P,1.576,1.763,1.6652,63782.37,63457.13,0.7532,-0.99984,0.0,0.14116,0.0,0.0
2026-08-11T17:00:05Z,2026-09-25,45,175000.0,C,0.0,0.0001,0.0,63782.37,63457.13,0.7532,0.00011,0.0,0.09451,1355.3,0.0
2026-08-11T17:00:05Z,2026-09-25,45,175000.0,P,1.6515,1.8435,1.7436,63782.37,63457.13,0.7532,-0.99989,0.0,0.09451,0.2,0.0
2026-08-11T17:00:05Z,2026-09-25,45,180000.0,C,0.0,0.0001,0.0,63782.37,63457.13,0.7532,7e-05,0.0,0.06325,748.1,0.0
2026-08-11T17:00:05Z,2026-09-25,45,180000.0,P,1.7275,1.925,1.822,63782.37,63457.13,0.7532,-0.99993,0.0,0.06325,7.3,0.0
2026-08-11T17:00:05Z,2026-09-25,45,190000.0,C,0.0,0.0001,0.0,63784.24,63457.13,0.7537999999999999,3e-05,0.0,0.02873,772.5,0.0
2026-08-11T17:00:05Z,2026-09-25,45,190000.0,P,1.879,2.087,1.9788,63784.24,63457.13,0.7537999999999999,-0.99997,0.0,0.02873,0.0,0.0
2026-08-11T17:00:05Z,2026-09-25,45,200000.0,C,0.0,0.0001,0.0,63782.37,63457.13,0.7537999999999999,1e-05,0.0,0.01291,1009.2,0.0
2026-08-11T17:00:05Z,2026-09-25,45,200000.0,P,2.0305,2.2495,2.1356,63782.37,63457.13,0.7537999999999999,-0.99999,0.0,0.01291,0.1,0.0
2026-08-11T17:00:05Z,2026-09-25,45,220000.0,C,0.0,0.0001,0.0,63784.24,63457.13,0.7537999999999999,0.0,0.0,0.00265,230.1,0.0
2026-08-11T17:00:05Z,2026-09-25,45,220000.0,P,2.3335,2.575,2.4491,63784.24,63457.13,0.7537999999999999,-1.0,0.0,0.00265,1.8,0.0
2026-08-11T17:00:05Z,2026-09-25,45,240000.0,C,0.0,0.0001,0.0,63782.37,63457.13,0.7551000000000001,0.0,0.0,0.00058,220.0,0.0
2026-08-11T17:00:05Z,2026-09-25,45,240000.0,P,2.6365,2.8995,2.7627,63782.37,63457.13,0.7551000000000001,-1.0,0.0,0.00058,0.0,0.0
2026-08-11T17:00:05Z,2026-09-25,45,260000.0,C,0.0,0.0001,0.0,63782.37,63457.13,0.7883,0.0,0.0,0.0004,292.0,0.0
2026-08-11T17:00:05Z,2026-09-25,45,260000.0,P,2.939,3.225,3.0762,63782.37,63457.13,0.7883,-1.0,0.0,0.0004,0.0,0.0
2026-08-11T17:00:05Z,2026-09-25,45,280000.0,C,0.0,0.0001,0.0,63784.24,63457.13,0.8151,0.0,0.0,0.00026,91.7,0.0
2026-08-11T17:00:05Z,2026-09-25,45,280000.0,P,3.2425,3.5495,3.3898,63782.37,63457.13,0.8151,-1.0,0.0,0.00026,0.0,0.0
2026-08-11T17:00:05Z,2026-09-25,45,300000.0,C,0.0,0.0001,0.0,63784.24,63457.13,0.8497,0.0,0.0,0.00024,192.1,0.0
2026-08-11T17:00:05Z,2026-09-25,45,300000.0,P,3.5455,3.875,3.7034,63782.37,63457.13,0.8497,-1.0,0.0,0.00024,0.0,0.0
2026-08-11T17:00:05Z,2026-09-25,45,320000.0,C,0.0,0.0001,0.0,63782.37,63457.13,0.8542000000000001,0.0,0.0,9e-05,276.6,0.0
2026-08-11T17:00:05Z,2026-09-25,45,320000.0,P,3.8485,4.2,4.0169,63782.37,63457.13,0.8542000000000001,-1.0,0.0,9e-05,25.1,0.0
2026-08-11T17:00:05Z,2026-10-30,80,40000.0,C,0.354,0.408,0.3794,64043.47,63457.13,0.5920000000000001,0.96715,0.0,21.93925,0.0,0.0
2026-08-11T17:00:05Z,2026-10-30,80,40000.0,P,0.0037,0.0042,0.0039,64043.47,63457.13,0.5920000000000001,-0.03285,0.0,21.93925,22.0,5.8
2026-08-11T17:00:05Z,2026-10-30,80,45000.0,C,0.2755,0.3375,0.3044,64043.47,63457.13,0.5272,0.94018,1e-05,35.54665,0.0,0.0
2026-08-11T17:00:05Z,2026-10-30,80,45000.0,P,0.0065,0.0075,0.007,64043.47,63457.13,0.5272,-0.05982,1e-05,35.54665,46.1,2.3
2026-08-11T17:00:05Z,2026-10-30,80,48000.0,C,0.2575,0.263,0.26,64043.47,63457.13,0.48619999999999997,0.91672,1e-05,45.83594,0.1,0.0
2026-08-11T17:00:05Z,2026-10-30,80,48000.0,P,0.009,0.01,0.0095,64043.47,63457.13,0.48619999999999997,-0.08328,1e-05,45.83594,158.0,0.0
2026-08-11T17:00:05Z,2026-10-30,80,50000.0,C,0.229,0.2485,0.2317,64043.47,63457.13,0.4683,0.89271,1e-05,55.2464,0.1,0.0
2026-08-11T17:00:05Z,2026-10-30,80,50000.0,P,0.012,0.013,0.0124,64043.47,63457.13,0.4683,-0.10729,1e-05,55.2464,98.8,30.1
2026-08-11T17:00:05Z,2026-10-30,80,52000.0,C,0.201,0.206,0.2038,64043.47,63457.13,0.44789999999999996,0.86443,2e-05,65.13338,0.1,0.0
2026-08-11T17:00:05Z,2026-10-30,80,52000.0,P,0.0155,0.016,0.0158,64043.47,63457.13,0.44789999999999996,-0.13557,2e-05,65.13338,41.0,0.3
2026-08-11T17:00:05Z,2026-10-30,80,54000.0,C,0.1745,0.2095,0.1773,64043.47,63457.13,0.4316,0.82818,2e-05,76.21175,0.0,0.0
2026-08-11T17:00:05Z,2026-10-30,80,54000.0,P,0.02,0.021,0.0204,64043.47,63457.13,0.4316,-0.17182,2e-05,76.21175,57.8,25.0
2026-08-11T17:00:05Z,2026-10-30,80,55000.0,C,0.1615,0.176,0.1642,64043.47,63457.13,0.42219999999999996,0.80799,2e-05,81.6989,0.0,0.0
2026-08-11T17:00:05Z,2026-10-30,80,55000.0,P,0.0225,0.0235,0.023,64043.47,63457.13,0.42219999999999996,-0.19201,2e-05,81.6989,63.1,2.5
2026-08-11T17:00:05Z,2026-10-30,80,56000.0,C,0.1495,0.1545,0.152,64043.47,63457.13,0.4169,0.78426,2e-05,87.57543,0.0,0.0
2026-08-11T17:00:05Z,2026-10-30,80,56000.0,P,0.026,0.027,0.0264,64043.47,63457.13,0.4169,-0.21574,2e-05,87.57543,31.7,0.0
2026-08-11T17:00:05Z,2026-10-30,80,57000.0,C,0.1375,0.174,0.14,64043.47,63457.13,0.41,0.75935,3e-05,93.12807,0.0,0.0
2026-08-11T17:00:05Z,2026-10-30,80,57000.0,P,0.0295,0.0305,0.03,64043.47,63457.13,0.41,-0.24065,3e-05,93.12807,86.1,8.0
2026-08-11T17:00:05Z,2026-10-30,80,58000.0,C,0.1265,0.168,0.1284,64043.47,63457.13,0.4036,0.73239,3e-05,98.46294,0.0,0.0
2026-08-11T17:00:05Z,2026-10-30,80,58000.0,P,0.0335,0.0345,0.034,64043.47,63457.13,0.4036,-0.26761,3e-05,98.46294,42.3,8.7
2026-08-11T17:00:05Z,2026-10-30,80,59000.0,C,0.1155,0.1225,0.1173,64042.88,63457.13,0.3978,0.70344,3e-05,103.45732,1.0,0.0
2026-08-11T17:00:05Z,2026-10-30,80,59000.0,P,0.038,0.039,0.0385,64042.88,63457.13,0.3978,-0.29656,3e-05,103.45732,33.1,0.0
2026-08-11T17:00:05Z,2026-10-30,80,60000.0,C,0.1045,0.1085,0.1068,64042.88,63457.13,0.39299999999999996,0.67258,3e-05,107.98464,11.4,0.0
2026-08-11T17:00:05Z,2026-10-30,80,60000.0,P,0.043,0.044,0.0437,64042.88,63457.13,0.39299999999999996,-0.32742,3e-05,107.98464,242.7,8.6
2026-08-11T17:00:05Z,2026-10-30,80,61000.0,C,0.0955,0.098,0.097,64042.88,63457.13,0.38909999999999995,0.64009,3e-05,111.89725,1.2,0.0
2026-08-11T17:00:05Z,2026-10-30,80,61000.0,P,0.049,0.05,0.0494,64042.88,63457.13,0.38909999999999995,-0.35991,3e-05,111.89725,149.1,3.9
2026-08-11T17:00:05Z,2026-10-30,80,62000.0,C,0.0865,0.0885,0.0874,64042.88,63457.13,0.38409999999999994,0.60657,3e-05,115.04884,13.5,0.0
2026-08-11T17:00:05Z,2026-10-30,80,62000.0,P,0.055,0.056,0.0555,64042.88,63457.13,0.38409999999999994,-0.39343,3e-05,115.04884,22.9,0.0
2026-08-11T17:00:05Z,2026-10-30,80,63000.0,C,0.078,0.079,0.0786,64043.44,63457.13,0.38,0.57193,3e-05,117.38855,123.1,5.8
2026-08-11T17:00:05Z,2026-10-30,80,63000.0,P,0.062,0.0625,0.0623,64042.88,63457.13,0.38,-0.42809,3e-05,117.38857,316.2,6.0
2026-08-11T17:00:05Z,2026-10-30,80,64000.0,C,0.07,0.071,0.0705,64043.44,63457.13,0.3772,0.53663,4e-05,118.83034,418.8,23.0
2026-08-11T17:00:05Z,2026-10-30,80,64000.0,P,0.0695,0.0705,0.0698,64042.88,63457.13,0.3772,-0.46339,4e-05,118.82985,322.8,82.2
2026-08-11T17:00:05Z,2026-10-30,80,65000.0,C,0.0625,0.0635,0.063,64042.88,63457.13,0.3743,0.50101,4e-05,119.33224,357.7,39.5
2026-08-11T17:00:05Z,2026-10-30,80,65000.0,P,0.0775,0.0785,0.0779,64042.88,63457.13,0.3743,-0.49899,4e-05,119.33224,306.0,15.1
2026-08-11T17:00:05Z,2026-10-30,80,66000.0,C,0.0555,0.0565,0.056,64042.88,63457.13,0.37189999999999995,0.46554,4e-05,118.88728,148.8,0.0
2026-08-11T17:00:05Z,2026-10-30,80,66000.0,P,0.086,0.087,0.0866,64042.88,63457.13,0.37189999999999995,-0.53446,4e-05,118.88728,50.6,4.0
2026-08-11T17:00:05Z,2026-10-30,80,67000.0,C,0.049,0.05,0.0496,64042.88,63457.13,0.369,0.43024,4e-05,117.50349,21.0,0.6
2026-08-11T17:00:05Z,2026-10-30,80,67000.0,P,0.0955,0.0965,0.0957,64042.88,63457.13,0.369,-0.56976,4e-05,117.50349,13.1,1.0
2026-08-11T17:00:05Z,2026-10-30,80,68000.0,C,0.0435,0.0445,0.0439,64042.88,63457.13,0.3679,0.39626,4e-05,115.27499,65.6,0.0
2026-08-11T17:00:05Z,2026-10-30,80,68000.0,P,0.104,0.1075,0.1057,64042.88,63457.13,0.3679,-0.60374,4e-05,115.27499,4.0,1.9
2026-08-11T17:00:05Z,2026-10-30,80,69000.0,C,0.038,0.039,0.0385,64042.88,63457.13,0.3653,0.36256,3e-05,112.17868,35.5,0.0
2026-08-11T17:00:05Z,2026-10-30,80,69000.0,P,0.1135,0.1185,0.1159,64042.88,63457.13,0.3653,-0.63744,3e-05,112.17868,0.1,0.0
2026-08-11T17:00:05Z,2026-10-30,80,70000.0,C,0.0335,0.0345,0.034,64042.88,63457.13,0.36479999999999996,0.33115,3e-05,108.47729,115.5,0.0
2026-08-11T17:00:05Z,2026-10-30,80,70000.0,P,0.1245,0.1295,0.127,64043.44,63457.13,0.36479999999999996,-0.66883,3e-05,108.48067,11.8,0.5
2026-08-11T17:00:05Z,2026-10-30,80,71000.0,C,0.029,0.03,0.0297,64042.88,63457.13,0.3632,0.30043,3e-05,104.06978,225.7,30.0
2026-08-11T17:00:05Z,2026-10-30,80,71000.0,P,0.1355,0.141,0.1383,64042.97,63457.13,0.3632,-0.69957,3e-05,104.07017,0.0,0.0
2026-08-11T17:00:05Z,2026-10-30,80,72000.0,C,0.0255,0.0265,0.026,64042.97,63457.13,0.3627,0.27209,3e-05,99.28452,200.8,0.6
2026-08-11T17:00:05Z,2026-10-30,80,72000.0,P,0.1475,0.1525,0.1502,64042.97,63457.13,0.3627,-0.72791,3e-05,99.28452,5.1,0.0
2026-08-11T17:00:05Z,2026-10-30,80,73000.0,C,0.022,0.023,0.0225,64042.97,63457.13,0.36119999999999997,0.24461,3e-05,93.95391,49.4,1.5
2026-08-11T17:00:05Z,2026-10-30,80,73000.0,P,0.159,0.1745,0.1624,64042.97,63457.13,0.36119999999999997,-0.75539,3e-05,93.95391,0.0,0.0
2026-08-11T17:00:05Z,2026-10-30,80,74000.0,C,0.0195,0.02,0.0199,64042.97,63457.13,0.3629,0.22133,3e-05,88.87369,112.2,0.2
2026-08-11T17:00:05Z,2026-10-30,80,74000.0,P,0.1335,0.224,0.1754,64042.97,63457.13,0.3629,-0.77867,3e-05,88.87369,0.3,0.3
2026-08-11T17:00:05Z,2026-10-30,80,75000.0,C,0.017,0.0175,0.0173,64042.97,63457.13,0.363,0.19856,3e-05,83.37932,103.2,1.0
2026-08-11T17:00:05Z,2026-10-30,80,75000.0,P,0.184,0.201,0.1884,64042.97,63457.13,0.363,-0.80144,3e-05,83.37932,6.1,5.0
2026-08-11T17:00:05Z,2026-10-30,80,76000.0,C,0.0145,0.0155,0.0151,64042.97,63457.13,0.3632,0.17765,2e-05,77.84215,129.5,31.2
2026-08-11T17:00:05Z,2026-10-30,80,76000.0,P,0.1975,0.238,0.2018,64042.88,63457.13,0.3632,-0.82236,2e-05,77.84144,0.0,0.0
2026-08-11T17:00:05Z,2026-10-30,80,78000.0,C,0.011,0.012,0.0115,64042.97,63457.13,0.36460000000000004,0.14172,2e-05,67.1321,183.6,0.2
2026-08-11T17:00:05Z,2026-10-30,80,78000.0,P,0.2245,0.2335,0.2294,64042.97,63457.13,0.36460000000000004,-0.85828,2e-05,67.1321,0.1,0.0
2026-08-11T17:00:05Z,2026-10-30,80,80000.0,C,0.0085,0.009,0.0085,64042.97,63457.13,0.36479999999999996,0.11113,2e-05,56.66047,233.1,13.4
2026-08-11T17:00:05Z,2026-10-30,80,80000.0,P,0.233,0.294,0.2577,64042.97,63457.13,0.36479999999999996,-0.88887,2e-05,56.66047,0.5,0.0
2026-08-11T17:00:05Z,2026-10-30,80,82000.0,C,0.006,0.007,0.0065,64042.97,63457.13,0.36729999999999996,0.0877,1e-05,47.64765,21.1,1.5
2026-08-11T17:00:05Z,2026-10-30,80,82000.0,P,0.2815,0.292,0.2869,64042.97,63457.13,0.36729999999999996,-0.9123,1e-05,47.64765,0.0,0.0
2026-08-11T17:00:05Z,2026-10-30,80,84000.0,C,0.0047,0.0055,0.0051,64042.97,63457.13,0.37270000000000003,0.07063,1e-05,40.44089,29.8,3.5
2026-08-11T17:00:05Z,2026-10-30,80,84000.0,P,0.3105,0.333,0.3167,64042.88,63457.13,0.37270000000000003,-0.92937,1e-05,40.44036,0.3,0.0
2026-08-11T17:00:05Z,2026-10-30,80,85000.0,C,0.0041,0.0046,0.0044,64042.97,63457.13,0.3729,0.06201,1e-05,36.55987,9.4,1.0
2026-08-11T17:00:05Z,2026-10-30,80,85000.0,P,0.326,0.359,0.3316,64042.97,63457.13,0.3729,-0.93799,1e-05,36.55987,0.0,0.0
2026-08-11T17:00:05Z,2026-10-30,80,86000.0,C,0.0036,0.0041,0.0039,64042.97,63457.13,0.3751,0.05536,1e-05,33.44646,8.6,0.2
2026-08-11T17:00:05Z,2026-10-30,80,86000.0,P,0.299,0.402,0.3467,64042.97,63457.13,0.3751,-0.94464,1e-05,33.44646,0.1,0.0
2026-08-11T17:00:05Z,2026-10-30,80,88000.0,C,0.0028,0.0033,0.0031,64042.97,63457.13,0.38049999999999995,0.04462,1e-05,28.15968,5.0,0.0
2026-08-11T17:00:05Z,2026-10-30,80,88000.0,P,0.329,0.4325,0.3771,64042.97,63457.13,0.38049999999999995,-0.95538,1e-05,28.15968,0.0,0.0
2026-08-11T17:00:05Z,2026-10-30,80,90000.0,C,0.0022,0.0027,0.0024,64042.97,63457.13,0.3864,0.03632,1e-05,23.8253,60.1,30.2
2026-08-11T17:00:05Z,2026-10-30,80,90000.0,P,0.359,0.464,0.4078,64042.97,63457.13,0.3864,-0.96368,1e-05,23.8253,0.1,0.0
2026-08-11T17:00:05Z,2026-10-30,80,95000.0,C,0.0013,0.0016,0.0015,64042.97,63457.13,0.4011,0.02216,0.0,15.79421,30.8,1.2
2026-08-11T17:00:05Z,2026-10-30,80,95000.0,P,0.4335,0.5425,0.4848,64042.97,63457.13,0.4011,-0.97784,0.0,15.79421,0.1,0.0
2026-08-11T17:00:05Z,2026-12-25,136,20000.0,C,0.6765,0.7065,0.6912,64486.64,63457.13,0.8665,0.99344,0.0,7.2302,2.7,0.0
2026-08-11T17:00:05Z,2026-12-25,136,20000.0,P,0.0011,0.0015,0.0013,64486.54,63457.13,0.8665,-0.00656,0.0,7.23025,110.8,0.0
2026-08-11T17:00:05Z,2026-12-25,136,30000.0,C,0.536,0.5415,0.5388,64486.64,63457.13,0.6953,0.97818,0.0,20.491,291.0,0.0
2026-08-11T17:00:05Z,2026-12-25,136,30000.0,P,0.0038,0.0043,0.004,64486.54,63457.13,0.6953,-0.02182,0.0,20.49112,2136.6,0.1
2026-08-11T17:00:05Z,2026-12-25,136,35000.0,C,0.4605,0.467,0.4637,64486.64,63457.13,0.6272,0.96324,0.0,31.61916,77.8,0.0
2026-08-11T17:00:05Z,2026-12-25,136,35000.0,P,0.006,0.0065,0.0065,64486.64,63457.13,0.6272,-0.03676,0.0,31.61916,2348.1,4.1
2026-08-11T17:00:05Z,2026-12-25,136,40000.0,C,0.3865,0.3935,0.3899,64486.64,63457.13,0.5650999999999999,0.94047,1e-05,46.53807,250.9,0.0
2026-08-11T17:00:05Z,2026-12-25,136,40000.0,P,0.01,0.0105,0.0101,64486.64,63457.13,0.5650999999999999,-0.05953,1e-05,46.53807,4370.9,67.4
2026-08-11T17:00:05Z,2026-12-25,136,45000.0,C,0.315,0.32,0.3177,64486.64,63457.13,0.5078,0.9061,1e-05,65.86988,54.3,0.0
2026-08-11T17:00:05Z,2026-12-25,136,45000.0,P,0.015,0.016,0.0155,64486.73,63457.13,0.5078,-0.0939,1e-05,65.86958,2905.7,0.7
2026-08-11T17:00:05Z,2026-12-25,136,50000.0,C,0.247,0.2525,0.2499,64486.64,63457.13,0.46659999999999996,0.85009,1e-05,91.61663,260.8,0.0
2026-08-11T17:00:05Z,2026-12-25,136,50000.0,P,0.0245,0.0255,0.0252,64486.64,63457.13,0.46659999999999996,-0.14991,1e-05,91.61663,1944.6,1.7
2026-08-11T17:00:05Z,2026-12-25,136,52000.0,C,0.2215,0.2265,0.2243,64486.64,63457.13,0.45270000000000005,0.82065,1e-05,102.91258,0.1,0.0
2026-08-11T17:00:05Z,2026-12-25,136,52000.0,P,0.03,0.031,0.0307,64486.64,63457.13,0.45270000000000005,-0.17935,1e-05,102.91258,415.5,1.6
2026-08-11T17:00:05Z,2026-12-25,136,54000.0,C,0.1975,0.202,0.2001,64486.54,63457.13,0.4413,0.78646,2e-05,114.40228,33.1,0.0
2026-08-11T17:00:05Z,2026-12-25,136,54000.0,P,0.037,0.038,0.0375,64486.54,63457.13,0.4413,-0.21354,2e-05,114.40228,1807.7,0.6
2026-08-11T17:00:05Z,2026-12-25,136,55000.0,C,0.1855,0.1905,0.1883,64486.64,63457.13,0.4353,0.76802,2e-05,119.9347,44.9,0.0
2026-08-11T17:00:05Z,2026-12-25,136,55000.0,P,0.0405,0.0415,0.0412,64486.64,63457.13,0.4353,-0.23198,2e-05,119.9347,1055.6,5.1
2026-08-11T17:00:05Z,2026-12-25,136,56000.0,C,0.1745,0.179,0.1771,64486.64,63457.13,0.43090000000000006,0.74811,2e-05,125.41277,41.4,0.0
2026-08-11T17:00:05Z,2026-12-25,136,56000.0,P,0.045,0.046,0.0455,64486.73,63457.13,0.43090000000000006,-0.25188,2e-05,125.4125,462.5,0.0
2026-08-11T17:00:05Z,2026-12-25,136,58000.0,C,0.1535,0.157,0.1555,64486.64,63457.13,0.4219,0.70569,2e-05,135.48332,41.8,0.0
2026-08-11T17:00:05Z,2026-12-25,136,58000.0,P,0.0545,0.0555,0.055,64486.85,63457.13,0.4219,-0.2943,2e-05,135.48274,2135.7,0.2
2026-08-11T17:00:05Z,2026-12-25,136,60000.0,C,0.1335,0.137,0.1356,64486.64,63457.13,0.414,0.65981,2e-05,144.06391,787.0,0.0
2026-08-11T17:00:05Z,2026-12-25,136,60000.0,P,0.0655,0.0665,0.066,64486.73,63457.13,0.414,-0.34019,2e-05,144.06378,6442.5,36.0
2026-08-11T17:00:05Z,2026-12-25,136,62000.0,C,0.1165,0.1185,0.1175,64486.64,63457.13,0.4078,0.61121,2e-05,150.68708,255.1,0.1
2026-08-11T17:00:05Z,2026-12-25,136,62000.0,P,0.078,0.0795,0.0789,64486.64,63457.13,0.4078,-0.38879,2e-05,150.68708,1006.9,75.3
2026-08-11T17:00:05Z,2026-12-25,136,64000.0,C,0.1005,0.1015,0.1012,64486.73,63457.13,0.4029,0.56106,2e-05,154.98068,420.8,0.2
2026-08-11T17:00:05Z,2026-12-25,136,64000.0,P,0.093,0.094,0.0936,64486.73,63457.13,0.4029,-0.43894,2e-05,154.98068,316.8,0.3
2026-08-11T17:00:05Z,2026-12-25,136,65000.0,C,0.093,0.094,0.0936,64486.73,63457.13,0.4004,0.53568,3e-05,156.19333,959.5,114.9
2026-08-11T17:00:05Z,2026-12-25,136,65000.0,P,0.101,0.102,0.1015,64486.54,63457.13,0.4004,-0.46433,3e-05,156.19304,845.2,100.0
2026-08-11T17:00:05Z,2026-12-25,136,66000.0,C,0.0855,0.087,0.0865,64486.85,63457.13,0.3983,0.51032,3e-05,156.76871,267.7,0.0
2026-08-11T17:00:05Z,2026-12-25,136,66000.0,P,0.109,0.1105,0.1099,64486.64,63457.13,0.3983,-0.48969,3e-05,156.76825,363.7,0.0
2026-08-11T17:00:05Z,2026-12-25,136,68000.0,C,0.0735,0.074,0.0737,64486.73,63457.13,0.39549999999999996,0.46037,3e-05,156.04665,689.9,15.0
2026-08-11T17:00:05Z,2026-12-25,136,68000.0,P,0.127,0.1285,0.1282,64486.73,63457.13,0.39549999999999996,-0.53963,3e-05,156.04665,455.9,0.0
2026-08-11T17:00:05Z,2026-12-25,136,70000.0,C,0.0615,0.0625,0.0622,64486.64,63457.13,0.3922,0.41155,3e-05,152.95023,1574.8,0.0
2026-08-11T17:00:05Z,2026-12-25,136,70000.0,P,0.147,0.1485,0.1477,64486.64,63457.13,0.3922,-0.58845,3e-05,152.95023,1006.1,1.4
2026-08-11T17:00:05Z,2026-12-25,136,72000.0,C,0.052,0.053,0.0525,64486.64,63457.13,0.39030000000000004,0.36535,2e-05,147.80116,1161.8,0.0
2026-08-11T17:00:05Z,2026-12-25,136,72000.0,P,0.166,0.171,0.169,64486.54,63457.13,0.39030000000000004,-0.63465,2e-05,147.8006,330.5,0.0
2026-08-11T17:00:05Z,2026-12-25,136,74000.0,C,0.0435,0.0445,0.044,64486.85,63457.13,0.3887,0.32194,2e-05,140.92924,147.3,0.4
2026-08-11T17:00:05Z,2026-12-25,136,74000.0,P,0.1885,0.194,0.1915,64486.54,63457.13,0.3887,-0.67806,2e-05,140.92725,106.0,0.0
2026-08-11T17:00:05Z,2026-12-25,136,75000.0,C,0.04,0.0405,0.0403,64486.54,63457.13,0.3883,0.3016,2e-05,137.004,1917.5,5.8
2026-08-11T17:00:05Z,2026-12-25,136,75000.0,P,0.1995,0.2055,0.2033,64486.64,63457.13,0.3883,-0.69839,2e-05,137.00468,896.2,0.0
2026-08-11T17:00:05Z,2026-12-25,136,76000.0,C,0.0365,0.037,0.037,64486.64,63457.13,0.3884,0.28248,2e-05,132.88916,385.1,1.9
2026-08-11T17:00:05Z,2026-12-25,136,76000.0,P,0.2115,0.218,0.2155,64486.64,63457.13,0.3884,-0.71752,2e-05,132.88916,142.1,0.0
2026-08-11T17:00:05Z,2026-12-25,136,78000.0,C,0.0305,0.031,0.0308,64486.64,63457.13,0.38770000000000004,0.24606,2e-05,123.86031,540.2,1.6
2026-08-11T17:00:05Z,2026-12-25,136,78000.0,P,0.2355,0.243,0.2404,64486.85,63457.13,0.38770000000000004,-0.75394,2e-05,123.86127,234.6,0.0
2026-08-11T17:00:05Z,2026-12-25,136,80000.0,C,0.0255,0.026,0.0258,64486.71,63457.13,0.38799999999999996,0.21382,2e-05,114.49175,8302.1,31.9
2026-08-11T17:00:05Z,2026-12-25,136,80000.0,P,0.261,0.2695,0.2664,64486.71,63457.13,0.38799999999999996,-0.78618,2e-05,114.49175,951.8,0.0
2026-08-11T17:00:05Z,2026-12-25,136,82000.0,C,0.021,0.0215,0.0215,64486.85,63457.13,0.3884,0.18504,2e-05,104.941,538.8,1.2
2026-08-11T17:00:05Z,2026-12-25,136,82000.0,P,0.2875,0.2965,0.2931,64486.85,63457.13,0.3884,-0.81496,2e-05,104.941,158.8,0.0
2026-08-11T17:00:05Z,2026-12-25,136,84000.0,C,0.0175,0.018,0.018,64486.71,63457.13,0.3892,0.15973,2e-05,95.53942,776.9,0.3
2026-08-11T17:00:05Z,2026-12-25,136,84000.0,P,0.315,0.324,0.3206,64486.71,63457.13,0.3892,-0.84027,2e-05,95.53942,47.1,0.0
2026-08-11T17:00:05Z,2026-12-25,136,85000.0,C,0.016,0.0165,0.0164,64486.85,63457.13,0.3895,0.14809,2e-05,90.87146,2231.1,1.3
2026-08-11T17:00:05Z,2026-12-25,136,85000.0,P,0.329,0.338,0.3345,64486.71,63457.13,0.3895,-0.85191,2e-05,90.87039,548.4,0.0
2026-08-11T17:00:05Z,2026-12-25,136,86000.0,C,0.0145,0.0155,0.015,64486.71,63457.13,0.39,0.13739,1e-05,86.37728,326.5,1.6
2026-08-11T17:00:05Z,2026-12-25,136,86000.0,P,0.343,0.4045,0.3486,64486.71,63457.13,0.39,-0.86261,1e-05,86.37728,23.4,0.0
2026-08-11T17:00:05Z,2026-12-25,136,88000.0,C,0.012,0.013,0.0125,64486.71,63457.13,0.391,0.11797,1e-05,77.69417,2647.9,15.0
2026-08-11T17:00:05Z,2026-12-25,136,88000.0,P,0.3715,0.4245,0.3771,64486.71,63457.13,0.391,-0.88203,1e-05,77.69417,4.2,0.0
2026-08-11T17:00:05Z,2026-12-25,136,90000.0,C,0.01,0.011,0.0105,64486.71,63457.13,0.39280000000000004,0.10158,1e-05,69.78181,3325.8,7.2
2026-08-11T17:00:05Z,2026-12-25,136,90000.0,P,0.4005,0.4105,0.4061,64486.85,63457.13,0.39280000000000004,-0.89841,1e-05,69.78277,590.6,0.0
2026-08-11T17:00:05Z,2026-12-25,136,92000.0,C,0.0085,0.009,0.009,64486.71,63457.13,0.3962,0.08839,1e-05,62.98426,253.9,0.1
2026-08-11T17:00:05Z,2026-12-25,136,92000.0,P,0.4295,0.4915,0.4356,64486.71,63457.13,0.3962,-0.91161,1e-05,62.98426,4.6,0.0
2026-08-11T17:00:05Z,2026-12-25,136,94000.0,C,0.0075,0.008,0.0075,64486.71,63457.13,0.3975,0.07575,1e-05,56.06995,117.6,0.1
2026-08-11T17:00:05Z,2026-12-25,136,94000.0,P,0.4595,0.5025,0.4652,64486.71,63457.13,0.3975,-0.92425,1e-05,56.06995,5.3,0.0
2026-08-11T17:00:05Z,2026-12-25,136,95000.0,C,0.0065,0.0075,0.007,64486.71,63457.13,0.3995,0.07088,1e-05,53.29054,1305.0,0.0
2026-08-11T17:00:05Z,2026-12-25,136,95000.0,P,0.474,0.4855,0.4802,64486.71,63457.13,0.3995,-0.92912,1e-05,53.29054,85.9,0.0
2026-08-11T17:00:05Z,2026-12-25,136,96000.0,C,0.006,0.0065,0.0065,64486.81,63457.13,0.4012,0.06621,1e-05,50.56029,1316.9,4.3
2026-08-11T17:00:05Z,2026-12-25,136,96000.0,P,0.489,0.5565,0.4952,64486.71,63457.13,0.4012,-0.93379,1e-05,50.55973,11.3,0.0
2026-08-11T17:00:05Z,2026-12-25,136,98000.0,C,0.0055,0.006,0.0055,64486.71,63457.13,0.4035,0.05722,1e-05,45.11639,210.0,0.2
2026-08-11T17:00:05Z,2026-12-25,136,98000.0,P,0.4705,0.59,0.5252,64486.81,63457.13,0.4035,-0.94278,1e-05,45.11691,1.2,0.0
2026-08-11T17:00:05Z,2026-12-25,136,100000.0,C,0.0045,0.005,0.0049,64486.71,63457.13,0.409,0.05104,1e-05,41.20896,3655.8,8.8
2026-08-11T17:00:05Z,2026-12-25,136,100000.0,P,0.546,0.5655,0.5556,64486.81,63457.13,0.409,-0.94896,1e-05,41.20945,303.3,0.0
2026-08-11T17:00:05Z,2026-12-25,136,102000.0,C,0.0042,0.0043,0.0042,64486.81,63457.13,0.4113,0.04423,1e-05,36.74627,215.6,0.3
2026-08-11T17:00:05Z,2026-12-25,136,102000.0,P,0.53,0.6515,0.5859,64486.81,63457.13,0.4113,-0.95577,1e-05,36.74627,7.8,0.0
2026-08-11T17:00:05Z,2026-12-25,136,104000.0,C,0.0034,0.0039,0.0036,64486.81,63457.13,0.4153,0.03907,1e-05,33.23458,87.7,0.5
2026-08-11T17:00:05Z,2026-12-25,136,104000.0,P,0.5595,0.683,0.6164,64486.81,63457.13,0.4153,-0.96093,1e-05,33.23458,0.1,0.0
2026-08-11T17:00:05Z,2026-12-25,136,105000.0,C,0.0032,0.0037,0.0034,64486.81,63457.13,0.41759999999999997,0.03691,0.0,31.72588,835.7,2.0
2026-08-11T17:00:05Z,2026-12-25,136,105000.0,P,0.6215,0.642,0.6317,64486.81,63457.13,0.41759999999999997,-0.96309,0.0,31.72588,109.4,0.0
2026-08-11T17:00:05Z,2026-12-25,136,106000.0,C,0.003,0.0034,0.0032,64486.71,63457.13,0.41960000000000003,0.03473,0.0,30.18526,320.2,0.0
2026-08-11T17:00:05Z,2026-12-25,136,106000.0,P,0.5895,0.714,0.647,64486.71,63457.13,0.41960000000000003,-0.96527,0.0,30.18526,0.2,0.0
2026-08-11T17:00:05Z,2026-12-25,136,108000.0,C,0.0026,0.003,0.0028,64486.81,63457.13,0.4233,0.0308,0.0,27.33297,123.1,1.0
2026-08-11T17:00:05Z,2026-12-25,136,108000.0,P,0.619,0.7455,0.6776,64486.71,63457.13,0.4233,-0.96921,0.0,27.33262,0.1,0.0
2026-08-11T17:00:05Z,2026-12-25,136,110000.0,C,0.0023,0.0028,0.0025,64486.81,63457.13,0.428,0.02765,0.0,24.99226,2639.3,0.3
2026-08-11T17:00:05Z,2026-12-25,136,110000.0,P,0.6975,0.7195,0.7083,64486.71,63457.13,0.428,-0.97235,0.0,24.99194,54.2,0.0
2026-08-11T17:00:05Z,2026-12-25,136,115000.0,C,0.0017,0.0022,0.0019,64486.81,63457.13,0.4389,0.02126,0.0,20.03996,2339.9,0.0
2026-08-11T17:00:05Z,2026-12-25,136,115000.0,P,0.7235,0.8555,0.7852,64486.81,63457.13,0.4389,-0.97874,0.0,20.03996,0.7,0.0
2026-08-11T17:00:05Z,2026-12-25,136,120000.0,C,0.0013,0.0016,0.0014,64486.81,63457.13,0.447,0.01605,0.0,15.77948,6033.1,0.1
2026-08-11T17:00:05Z,2026-12-25,136,120000.0,P,0.85,0.8745,0.8623,64486.81,63457.13,0.447,-0.98395,0.0,15.77948,35.6,0.0
2026-08-11T17:00:05Z,2026-12-25,136,125000.0,C,0.001,0.0014,0.0012,64486.81,63457.13,0.4598,0.01317,0.0,13.30529,595.9,0.0
2026-08-11T17:00:05Z,2026-12-25,136,125000.0,P,0.873,1.0145,0.9396,64486.81,63457.13,0.4598,-0.98683,0.0,13.30529,9.1,0.0
2026-08-11T17:00:05Z,2026-12-25,136,130000.0,C,0.0008,0.0012,0.001,64487.03,63457.13,0.4719,0.01092,0.0,11.30784,1576.4,0.0
2026-08-11T17:00:05Z,2026-12-25,136,130000.0,P,0.948,1.0945,1.0169,64487.03,63457.13,0.4719,-0.98908,0.0,11.30784,54.9,0.0
2026-08-11T17:00:05Z,2026-12-25,136,135000.0,C,0.0007,0.0011,0.0009,64487.03,63457.13,0.4857,0.00945,0.0,9.96829,1111.8,2.0
2026-08-11T17:00:05Z,2026-12-25,136,135000.0,P,1.023,1.1745,1.0943,64487.03,63457.13,0.4857,-0.99055,0.0,9.96829,0.6,0.0
2026-08-11T17:00:05Z,2026-12-25,136,140000.0,C,0.0006,0.001,0.0007,64496.39,63457.13,0.49439999999999995,0.00774,0.0,8.36871,1475.0,0.0
2026-08-11T17:00:05Z,2026-12-25,136,140000.0,P,1.098,1.254,1.1717,64487.03,63457.13,0.49439999999999995,-0.99227,0.0,8.35693,0.2,0.0
2026-08-11T17:00:05Z,2026-12-25,136,150000.0,C,0.0004,0.0007,0.0005,64487.03,63457.13,0.5163,0.00579,0.0,6.47547,1628.9,5.0
2026-08-11T17:00:05Z,2026-12-25,136,150000.0,P,1.2475,1.414,1.3266,64486.81,63457.13,0.5163,-0.99421,0.0,6.47527,2.0,0.0
2026-08-11T17:00:05Z,2026-12-25,136,160000.0,C,0.0003,0.0006,0.0004,64487.03,63457.13,0.5382,0.00458,0.0,5.25971,1224.0,0.1
2026-08-11T17:00:05Z,2026-12-25,136,160000.0,P,1.397,1.574,1.4816,64487.03,63457.13,0.5382,-0.99542,0.0,5.25971,0.0,0.0
2026-08-11T17:00:05Z,2026-12-25,136,170000.0,C,0.0001,0.0024,0.0003,64486.81,63457.13,0.5444,0.00293,0.0,3.52616,2379.5,0.0
2026-08-11T17:00:05Z,2026-12-25,136,170000.0,P,1.548,1.735,1.6365,64487.03,63457.13,0.5444,-0.99706,0.0,3.52627,0.0,0.0
2026-08-11T17:00:05Z,2026-12-25,136,180000.0,C,0.0001,0.0003,0.0002,64487.03,63457.13,0.5488000000000001,0.00186,0.0,2.33076,923.8,0.0
2026-08-11T17:00:05Z,2026-12-25,136,180000.0,P,1.697,1.895,1.7914,64486.81,63457.13,0.5488000000000001,-0.99814,0.0,2.33068,0.0,0.0
2026-08-11T17:00:05Z,2026-12-25,136,190000.0,C,0.0,0.0002,0.0001,64487.03,63457.13,0.5629,0.00145,0.0,1.86431,993.0,1.0
2026-08-11T17:00:05Z,2026-12-25,136,190000.0,P,1.847,2.0555,1.9465,64487.03,63457.13,0.5629,-0.99855,0.0,1.86431,0.0,0.0
2026-08-11T17:00:05Z,2026-12-25,136,200000.0,C,0.0,0.0002,0.0001,64486.81,63457.13,0.5834,0.00133,0.0,1.71572,951.5,0.2
2026-08-11T17:00:05Z,2026-12-25,136,200000.0,P,1.9965,2.2155,2.1015,64486.81,63457.13,0.5834,-0.99867,0.0,1.71572,0.0,0.0
2026-08-11T17:00:05Z,2026-12-25,136,210000.0,C,0.0,0.0002,0.0001,64487.03,63457.13,0.596,0.00108,0.0,1.41727,151.7,0.0
2026-08-11T17:00:05Z,2026-12-25,136,210000.0,P,2.1465,2.376,2.2566,64486.81,63457.13,0.596,-0.99892,0.0,1.41722,0.0,0.0
2026-08-11T17:00:05Z,2026-12-25,136,220000.0,C,0.0,0.0002,0.0001,64487.03,63457.13,0.6132,0.00098,0.0,1.2994,252.8,0.0
2026-08-11T17:00:05Z,2026-12-25,136,220000.0,P,2.297,2.536,2.4116,64488.43,63457.13,0.6132,-0.99902,0.0,1.29966,0.0,0.0
2026-08-11T17:00:05Z,2026-12-25,136,230000.0,C,0.0,0.0004,0.0001,64488.43,63457.13,0.6304,0.00091,0.0,1.21884,195.9,0.0
2026-08-11T17:00:05Z,2026-12-25,136,230000.0,P,2.4465,2.6975,2.5667,64488.43,63457.13,0.6304,-0.99909,0.0,1.21884,0.0,0.0
2026-08-11T17:00:05Z,2026-12-25,136,240000.0,C,0.0,0.0002,0.0001,64488.43,63457.13,0.6469,0.00086,0.0,1.14956,804.4,0.0
2026-08-11T17:00:05Z,2026-12-25,136,240000.0,P,2.5955,2.858,2.7218,64488.43,63457.13,0.6469,-0.99914,0.0,1.14956,0.0,0.0
2026-08-11T17:00:05Z,2026-12-25,136,250000.0,C,0.0,0.0002,0.0001,64488.43,63457.13,0.6487999999999999,0.00062,0.0,0.85595,1120.9,0.0
2026-08-11T17:00:05Z,2026-12-25,136,250000.0,P,2.746,3.019,2.8768,64488.43,63457.13,0.6487999999999999,-0.99938,0.0,0.85595,10.0,0.0
2026-08-11T17:00:05Z,2027-03-26,227,35000.0,C,0.45,0.508,0.4755,65164.72,63457.13,0.5735,0.94536,0.0,56.82809,6.8,0.4
2026-08-11T17:00:05Z,2027-03-26,227,35000.0,P,0.012,0.0135,0.0126,65171.89,63457.13,0.5735,-0.05462,0.0,56.81219,575.7,0.8
2026-08-11T17:00:05Z,2027-03-26,227,40000.0,C,0.4035,0.4075,0.4052,65171.89,63457.13,0.5276,0.91651,1e-05,78.84076,81.3,0.3
2026-08-11T17:00:05Z,2027-03-26,227,40000.0,P,0.0185,0.0195,0.019,65171.89,63457.13,0.5276,-0.08349,1e-05,78.84076,1135.3,5.0
2026-08-11T17:00:05Z,2027-03-26,227,45000.0,C,0.336,0.3405,0.3381,65171.89,63457.13,0.4907,0.87518,1e-05,105.60569,3.3,0.0
2026-08-11T17:00:05Z,2027-03-26,227,45000.0,P,0.028,0.0295,0.0287,65171.89,63457.13,0.4907,-0.12482,1e-05,105.60569,227.1,0.2
2026-08-11T17:00:05Z,2027-03-26,227,50000.0,C,0.2735,0.278,0.2756,65171.89,63457.13,0.4611,0.81886,1e-05,135.28523,20.6,0.0
2026-08-11T17:00:05Z,2027-03-26,227,50000.0,P,0.042,0.0435,0.0429,65171.89,63457.13,0.4611,-0.18114,1e-05,135.28523,2108.2,105.3
2026-08-11T17:00:05Z,2027-03-26,227,52000.0,C,0.2505,0.2545,0.2524,65171.89,63457.13,0.4523,0.79154,1e-05,147.36173,5.2,0.0
2026-08-11T17:00:05Z,2027-03-26,227,52000.0,P,0.0495,0.051,0.0504,65171.89,63457.13,0.4523,-0.20846,1e-05,147.36173,117.8,0.0
2026-08-11T17:00:05Z,2027-03-26,227,54000.0,C,0.228,0.2325,0.2303,65164.72,63457.13,0.44420000000000004,0.76176,1e-05,158.98457,0.1,0.0
2026-08-11T17:00:05Z,2027-03-26,227,54000.0,P,0.058,0.06,0.059,65171.89,63457.13,0.44420000000000004,-0.23814,1e-05,158.96647,58.7,0.0
2026-08-11T17:00:05Z,2027-03-26,227,55000.0,C,0.2175,0.222,0.2196,65171.89,63457.13,0.4401,0.74625,1e-05,164.47581,28.6,0.0
2026-08-11T17:00:05Z,2027-03-26,227,55000.0,P,0.0625,0.0645,0.0636,65176.01,63457.13,0.4401,-0.25369,1e-05,164.46627,1353.3,0.0
2026-08-11T17:00:05Z,2027-03-26,227,56000.0,C,0.2075,0.2115,0.2094,65176.01,63457.13,0.4372,0.72997,1e-05,169.81555,16.9,0.0
2026-08-11T17:00:05Z,2027-03-26,227,56000.0,P,0.0675,0.0695,0.0688,65176.01,63457.13,0.4372,-0.27003,1e-05,169.81555,83.2,0.0
2026-08-11T17:00:05Z,2027-03-26,227,58000.0,C,0.188,0.192,0.1897,65176.01,63457.13,0.43090000000000006,0.69614,2e-05,179.59069,5.2,0.0
2026-08-11T17:00:05Z,2027-03-26,227,58000.0,P,0.0785,0.0805,0.0798,65176.01,63457.13,0.43090000000000006,-0.30386,2e-05,179.59069,109.5,0.0
2026-08-11T17:00:05Z,2027-03-26,227,60000.0,C,0.1695,0.1735,0.1713,65176.01,63457.13,0.4254,0.66073,2e-05,188.02035,718.8,0.0
2026-08-11T17:00:05Z,2027-03-26,227,60000.0,P,0.091,0.093,0.092,65176.01,63457.13,0.4254,-0.33927,2e-05,188.02035,613.2,0.0
2026-08-11T17:00:05Z,2027-03-26,227,62000.0,C,0.1525,0.1565,0.1542,65176.01,63457.13,0.4208,0.62417,2e-05,194.87627,42.2,0.0
2026-08-11T17:00:05Z,2027-03-26,227,62000.0,P,0.1045,0.1065,0.1056,65176.01,63457.13,0.4208,-0.37583,2e-05,194.87627,244.2,0.0
2026-08-11T17:00:05Z,2027-03-26,227,64000.0,C,0.137,0.14,0.1385,65176.01,63457.13,0.4171,0.58696,2e-05,199.99515,135.2,0.0
2026-08-11T17:00:05Z,2027-03-26,227,64000.0,P,0.1195,0.1215,0.1206,65176.01,63457.13,0.4171,-0.41304,2e-05,199.99515,133.1,0.0
2026-08-11T17:00:05Z,2027-03-26,227,65000.0,C,0.1295,0.1325,0.131,65176.01,63457.13,0.41490000000000005,0.56818,2e-05,201.88264,364.2,0.6
2026-08-11T17:00:05Z,2027-03-26,227,65000.0,P,0.127,0.1295,0.1284,65176.01,63457.13,0.41490000000000005,-0.43182,2e-05,201.88264,650.6,0.1
2026-08-11T17:00:05Z,2027-03-26,227,66000.0,C,0.123,0.125,0.124,65176.01,63457.13,0.41369999999999996,0.54952,2e-05,203.30167,17.1,0.1
2026-08-11T17:00:05Z,2027-03-26,227,66000.0,P,0.1355,0.138,0.1368,65176.01,63457.13,0.41369999999999996,-0.45048,2e-05,203.30167,123.9,0.0
2026-08-11T17:00:05Z,2027-03-26,227,68000.0,C,0.1095,0.1115,0.1106,65176.01,63457.13,0.4103,0.51215,2e-05,204.78739,96.9,1.0
2026-08-11T17:00:05Z,2027-03-26,227,68000.0,P,0.1525,0.1555,0.1541,65176.01,63457.13,0.4103,-0.48785,2e-05,204.78739,75.7,0.0
2026-08-11T17:00:05Z,2027-03-26,227,70000.0,C,0.0975,0.0995,0.0985,65176.01,63457.13,0.4078,0.47545,2e-05,204.49445,778.9,4.0
2026-08-11T17:00:05Z,2027-03-26,227,70000.0,P,0.171,0.1745,0.1727,65172.06,63457.13,0.4078,-0.52462,2e-05,204.47968,211.8,0.0
2026-08-11T17:00:05Z,2027-03-26,227,72000.0,C,0.087,0.0885,0.0876,65176.01,63457.13,0.4058,0.43978,2e-05,202.54355,68.1,0.0
2026-08-11T17:00:05Z,2027-03-26,227,72000.0,P,0.19,0.1945,0.1925,65172.06,63457.13,0.4058,-0.5603,2e-05,202.52545,139.1,0.0
2026-08-11T17:00:05Z,2027-03-26,227,74000.0,C,0.077,0.0785,0.0778,65179.66,63457.13,0.4039,0.40528,2e-05,199.09111,50.1,0.0
2026-08-11T17:00:05Z,2027-03-26,227,74000.0,P,0.2105,0.2155,0.2132,65177.47,63457.13,0.4039,-0.59476,2e-05,199.07941,54.0,0.0
2026-08-11T17:00:05Z,2027-03-26,227,76000.0,C,0.0685,0.069,0.0687,65177.47,63457.13,0.40159999999999996,0.37174,2e-05,194.20524,390.4,22.7
2026-08-11T17:00:05Z,2027-03-26,227,76000.0,P,0.2325,0.238,0.2348,65177.47,63457.13,0.40159999999999996,-0.62826,2e-05,194.20524,19.2,0.0
2026-08-11T17:00:05Z,2027-03-26,227,78000.0,C,0.0605,0.061,0.0607,65177.47,63457.13,0.40020000000000006,0.34025,2e-05,188.23182,435.7,6.0
2026-08-11T17:00:05Z,2027-03-26,227,78000.0,P,0.255,0.2615,0.2575,65177.47,63457.13,0.40020000000000006,-0.65975,2e-05,188.23182,183.0,0.0
2026-08-11T17:00:05Z,2027-03-26,227,80000.0,C,0.0535,0.0545,0.0538,65177.47,63457.13,0.39990000000000003,0.31112,2e-05,181.47024,928.4,5.0
2026-08-11T17:00:05Z,2027-03-26,227,80000.0,P,0.2785,0.285,0.2814,65177.47,63457.13,0.39990000000000003,-0.68888,2e-05,181.47024,139.2,0.0
2026-08-11T17:00:05Z,2027-03-26,227,82000.0,C,0.0475,0.048,0.0477,65177.47,63457.13,0.3996,0.28376,2e-05,173.9971,700.9,4.1
2026-08-11T17:00:05Z,2027-03-26,227,82000.0,P,0.303,0.31,0.3059,65177.47,63457.13,0.3996,-0.71624,2e-05,173.9971,3.9,0.0
2026-08-11T17:00:05Z,2027-03-26,227,84000.0,C,0.042,0.043,0.0423,65177.47,63457.13,0.39990000000000003,0.25865,2e-05,166.13804,266.5,0.8
2026-08-11T17:00:05Z,2027-03-26,227,84000.0,P,0.3275,0.3355,0.3312,65176.06,63457.13,0.39990000000000003,-0.74137,2e-05,166.12706,55.1,0.0
2026-08-11T17:00:05Z,2027-03-26,227,85000.0,C,0.0395,0.0405,0.0398,65177.47,63457.13,0.39990000000000003,0.24666,2e-05,162.03585,94.1,0.0
2026-08-11T17:00:05Z,2027-03-26,227,85000.0,P,0.3405,0.3485,0.344,65177.47,63457.13,0.39990000000000003,-0.75334,2e-05,162.03585,0.9,0.0
2026-08-11T17:00:05Z,2027-03-26,227,86000.0,C,0.037,0.038,0.0376,65177.47,63457.13,0.40049999999999997,0.23557,1e-05,158.03293,134.1,5.0
2026-08-11T17:00:05Z,2027-03-26,227,86000.0,P,0.3535,0.3615,0.3572,65177.47,63457.13,0.40049999999999997,-0.76443,1e-05,158.03293,1.8,0.0
2026-08-11T17:00:05Z,2027-03-26,227,88000.0,C,0.0325,0.034,0.0333,65176.06,63457.13,0.40090000000000003,0.21399,1e-05,149.64904,70.9,0.0
2026-08-11T17:00:05Z,2027-03-26,227,88000.0,P,0.3795,0.416,0.3836,65176.06,63457.13,0.40090000000000003,-0.78601,1e-05,149.64904,4.5,0.0
2026-08-11T17:00:05Z,2027-03-26,227,90000.0,C,0.029,0.03,0.0295,65177.47,63457.13,0.4012,0.19414,1e-05,141.21564,506.0,2.1
2026-08-11T17:00:05Z,2027-03-26,227,90000.0,P,0.4065,0.4805,0.4105,65176.06,63457.13,0.4012,-0.80588,1e-05,141.20425,14.1,0.0
2026-08-11T17:00:05Z,2027-03-26,227,92000.0,C,0.0255,0.027,0.0263,65177.47,63457.13,0.4022,0.17643,1e-05,133.07275,126.2,2.0
2026-08-11T17:00:05Z,2027-03-26,227,92000.0,P,0.4335,0.4425,0.4378,65178.67,63457.13,0.4022,-0.82355,1e-05,133.08232,0.6,0.0
2026-08-11T17:00:05Z,2027-03-26,227,94000.0,C,0.0225,0.024,0.0233,65178.67,63457.13,0.40259999999999996,0.15974,1e-05,124.82702,141.2,1.0
2026-08-11T17:00:05Z,2027-03-26,227,94000.0,P,0.461,0.4705,0.4655,65178.67,63457.13,0.40259999999999996,-0.84026,1e-05,124.82702,9.1,0.0
2026-08-11T17:00:05Z,2027-03-26,227,95000.0,C,0.021,0.0225,0.0219,65177.74,63457.13,0.40270000000000006,0.15179,1e-05,120.69532,342.9,1.5
2026-08-11T17:00:05Z,2027-03-26,227,95000.0,P,0.475,0.4845,0.4795,65177.74,63457.13,0.40270000000000006,-0.84821,1e-05,120.69532,0.6,0.0
2026-08-11T17:00:05Z,2027-03-26,227,96000.0,C,0.02,0.0215,0.0208,65178.67,63457.13,0.4039,0.14514,1e-05,117.13599,132.9,1.5
2026-08-11T17:00:05Z,2027-03-26,227,96000.0,P,0.4885,0.4985,0.4937,65178.67,63457.13,0.4039,-0.85486,1e-05,117.13599,1.6,0.0
2026-08-11T17:00:05Z,2027-03-26,227,98000.0,C,0.0175,0.019,0.0183,65178.67,63457.13,0.40399999999999997,0.13091,1e-05,109.17326,102.6,1.0
2026-08-11T17:00:05Z,2027-03-26,227,98000.0,P,0.517,0.5805,0.5219,65178.67,63457.13,0.40399999999999997,-0.86909,1e-05,109.17326,0.2,0.0
2026-08-11T17:00:05Z,2027-03-26,227,100000.0,C,0.0155,0.017,0.0163,65178.67,63457.13,0.4046,0.11839,1e-05,101.76327,560.0,0.2
2026-08-11T17:00:05Z,2027-03-26,227,100000.0,P,0.5455,0.556,0.5506,65177.74,63457.13,0.4046,-0.88162,1e-05,101.75643,12.1,0.0
2026-08-11T17:00:05Z,2027-03-26,227,102000.0,C,0.014,0.0155,0.0147,65178.67,63457.13,0.4072,0.10837,1e-05,95.53918,105.8,0.0
2026-08-11T17:00:05Z,2027-03-26,227,102000.0,P,0.574,0.5845,0.5797,65178.67,63457.13,0.4072,-0.89163,1e-05,95.53918,0.1,0.0
2026-08-11T17:00:05Z,2027-03-26,227,104000.0,C,0.0125,0.014,0.0132,65178.67,63457.13,0.40869999999999995,0.09856,1e-05,89.17977,101.4,0.0
2026-08-11T17:00:05Z,2027-03-26,227,104000.0,P,0.603,0.657,0.6089,65178.67,63457.13,0.40869999999999995,-0.90144,1e-05,89.17977,0.1,0.0
2026-08-11T17:00:05Z,2027-03-26,227,105000.0,C,0.0115,0.013,0.0124,65178.67,63457.13,0.4089,0.0936,1e-05,85.86196,185.4,2.0
2026-08-11T17:00:05Z,2027-03-26,227,105000.0,P,0.618,0.6285,0.6234,65178.67,63457.13,0.4089,-0.9064,1e-05,85.86196,0.4,0.0
2026-08-11T17:00:05Z,2027-03-26,227,106000.0,C,0.011,0.0125,0.0117,65178.67,63457.13,0.4094,0.08911,1e-05,82.78494,43.6,0.0
2026-08-11T17:00:05Z,2027-03-26,227,106000.0,P,0.6315,0.6435,0.6381,65178.67,63457.13,0.4094,-0.91089,1e-05,82.78494,0.1,0.0
2026-08-11T17:00:05Z,2027-03-26,227,108000.0,C,0.01,0.0115,0.0106,65177.74,63457.13,0.4113,0.08134,1e-05,77.31747,57.3,0.0
2026-08-11T17:00:05Z,2027-03-26,227,108000.0,P,0.6615,0.6795,0.6676,65179.66,63457.13,0.4113,-0.91864,1e-05,77.33064,0.1,0.0
2026-08-11T17:00:05Z,2027-03-26,227,110000.0,C,0.009,0.01,0.0095,65179.66,63457.13,0.41259999999999997,0.07395,1e-05,71.92231,531.9,0.0
2026-08-11T17:00:05Z,2027-03-26,227,110000.0,P,0.691,0.7355,0.6972,65179.66,63457.13,0.41259999999999997,-0.92605,1e-05,71.92231,4.0,0.1
2026-08-11T17:00:05Z,2027-03-26,227,112000.0,C,0.008,0.0095,0.0087,65179.66,63457.13,0.4154,0.06808,1e-05,67.49917,62.7,0.0
2026-08-11T17:00:05Z,2027-03-26,227,112000.0,P,0.7205,0.765,0.7271,65179.66,63457.13,0.4154,-0.93192,1e-05,67.49917,0.1,0.0
2026-08-11T17:00:05Z,2027-03-26,227,115000.0,C,0.007,0.008,0.0075,65179.66,63457.13,0.4183,0.05964,1e-05,60.8938,762.0,0.3
2026-08-11T17:00:05Z,2027-03-26,227,115000.0,P,0.748,0.8215,0.7719,65179.66,63457.13,0.4183,-0.94036,1e-05,60.8938,1.5,0.1
2026-08-11T17:00:05Z,2027-03-26,227,120000.0,C,0.0055,0.0065,0.006,65179.66,63457.13,0.4238,0.04839,0.0,51.60474,328.7,0.2
2026-08-11T17:00:05Z,2027-03-26,227,120000.0,P,0.782,0.9265,0.8471,65178.78,63457.13,0.4238,-0.95161,0.0,51.60058,1.8,0.0
2026-08-11T17:00:05Z,2027-03-26,227,125000.0,C,0.0044,0.0055,0.0049,65179.66,63457.13,0.43119999999999997,0.04036,0.0,44.58347,126.0,0.0
2026-08-11T17:00:05Z,2027-03-26,227,125000.0,P,0.8555,1.004,0.9228,65179.66,63457.13,0.43119999999999997,-0.95964,0.0,44.58347,0.1,0.0
2026-08-11T17:00:05Z,2027-03-26,227,130000.0,C,0.0036,0.0043,0.0039,65179.66,63457.13,0.4355,0.03288,0.0,37.6947,1066.2,0.0
2026-08-11T17:00:05Z,2027-03-26,227,130000.0,P,0.9285,1.081,0.9985,65179.66,63457.13,0.4355,-0.96712,0.0,37.6947,0.3,0.0
2026-08-11T17:00:05Z,2027-03-26,227,140000.0,C,0.0025,0.0031,0.0028,65179.66,63457.13,0.44880000000000003,0.02359,0.0,28.5844,761.5,0.0
2026-08-11T17:00:05Z,2027-03-26,227,140000.0,P,1.077,1.237,1.1508,65179.66,63457.13,0.44880000000000003,-0.97641,0.0,28.5844,0.0,0.0
2026-08-11T17:00:05Z,2027-03-26,227,150000.0,C,0.0018,0.0023,0.002,65179.66,63457.13,0.46,0.01708,0.0,21.73932,1908.1,5.4
2026-08-11T17:00:05Z,2027-03-26,227,150000.0,P,1.225,1.394,1.3034,65178.78,63457.13,0.46,-0.98292,0.0,21.73731,0.5,0.0
2026-08-11T17:00:05Z,2027-03-26,227,160000.0,C,0.0013,0.0018,0.0015,65183.6,63457.13,0.4719,0.01291,0.0,17.08836,860.6,0.0
2026-08-11T17:00:05Z,2027-03-26,227,160000.0,P,1.373,1.5515,1.4563,65178.78,63457.13,0.4719,-0.9871,0.0,17.07988,0.0,0.0
2026-08-11T17:00:05Z,2027-03-26,227,170000.0,C,0.001,0.0016,0.0012,65179.66,63457.13,0.4865,0.01047,0.0,14.25241,250.0,0.0
2026-08-11T17:00:05Z,2027-03-26,227,170000.0,P,1.5205,1.7105,1.6095,65179.66,63457.13,0.4865,-0.98953,0.0,14.25241,0.1,0.0
2026-08-11T17:00:05Z,2027-03-26,227,180000.0,C,0.0009,0.0013,0.001,65179.66,63457.13,0.5004,0.00867,0.0,12.08575,642.6,0.0
2026-08-11T17:00:05Z,2027-03-26,227,180000.0,P,1.6695,1.868,1.7627,65179.66,63457.13,0.5004,-0.99133,0.0,12.08575,0.0,0.0
2026-08-11T17:00:05Z,2027-03-26,227,190000.0,C,0.0007,0.0011,0.0009,65180.5,63457.13,0.5147999999999999,0.00746,0.0,10.58343,883.7,0.2
2026-08-11T17:00:05Z,2027-03-26,227,190000.0,P,1.8175,2.0265,1.9159,65180.5,63457.13,0.5147999999999999,-0.99254,0.0,10.58343,0.9,0.0
2026-08-11T17:00:05Z,2027-03-26,227,200000.0,C,0.0005,0.0008,0.0007,65180.5,63457.13,0.5222,0.00588,0.0,8.5792,503.8,7.9
2026-08-11T17:00:05Z,2027-03-26,227,200000.0,P,1.966,2.1845,2.0692,65180.5,63457.13,0.5222,-0.99412,0.0,8.5792,1.0,0.0
2026-08-11T17:00:05Z,2027-06-25,318,30000.0,C,0.5545,0.562,0.5582,65894.28,63457.13,0.6019,0.95373,0.0,59.58396,37.0,0.0
2026-08-11T17:00:05Z,2027-06-25,318,30000.0,P,0.013,0.0135,0.0135,65894.28,63457.13,0.6019,-0.04627,0.0,59.58396,339.9,31.6
2026-08-11T17:00:05Z,2027-06-25,318,40000.0,C,0.419,0.424,0.4215,65895.05,63457.13,0.5161,0.8993,1e-05,108.4281,17.0,0.0
2026-08-11T17:00:05Z,2027-06-25,318,40000.0,P,0.028,0.029,0.0286,65894.28,63457.13,0.5161,-0.1007,1e-05,108.43019,507.7,2.4
2026-08-11T17:00:05Z,2027-06-25,318,45000.0,C,0.3555,0.362,0.3588,65894.28,63457.13,0.48829999999999996,0.85658,1e-05,139.07212,0.6,0.0
2026-08-11T17:00:05Z,2027-06-25,318,45000.0,P,0.041,0.0425,0.0417,65894.28,63457.13,0.48829999999999996,-0.14342,1e-05,139.07212,239.2,10.1
2026-08-11T17:00:05Z,2027-06-25,318,50000.0,C,0.2975,0.3035,0.3006,65894.28,63457.13,0.4656,0.80308,1e-05,170.48817,17.1,0.0
2026-08-11T17:00:05Z,2027-06-25,318,50000.0,P,0.0585,0.0605,0.0595,65894.28,63457.13,0.4656,-0.19692,1e-05,170.48817,286.5,0.2
2026-08-11T17:00:05Z,2027-06-25,318,52000.0,C,0.276,0.2815,0.2791,65895.05,63457.13,0.4586,0.7786,1e-05,182.6721,1.1,0.0
2026-08-11T17:00:05Z,2027-06-25,318,52000.0,P,0.0675,0.0695,0.0683,65895.05,63457.13,0.4586,-0.2214,1e-05,182.6721,18.1,0.0
2026-08-11T17:00:05Z,2027-06-25,318,54000.0,C,0.2555,0.261,0.2584,65894.28,63457.13,0.45189999999999997,0.7527,1e-05,194.20864,0.9,0.0
2026-08-11T17:00:05Z,2027-06-25,318,54000.0,P,0.077,0.079,0.0779,65895.05,63457.13,0.45189999999999997,-0.24729,1e-05,194.20723,20.5,0.2
2026-08-11T17:00:05Z,2027-06-25,318,55000.0,C,0.2455,0.251,0.2486,65894.28,63457.13,0.44939999999999997,0.73914,1e-05,199.72339,2.7,0.0
2026-08-11T17:00:05Z,2027-06-25,318,55000.0,P,0.0825,0.0845,0.0833,65894.28,63457.13,0.44939999999999997,-0.26086,1e-05,199.72339,9.0,0.2
2026-08-11T17:00:05Z,2027-06-25,318,56000.0,C,0.236,0.2415,0.239,65894.28,63457.13,0.4465,0.72537,1e-05,204.9708,2.0,0.0
2026-08-11T17:00:05Z,2027-06-25,318,56000.0,P,0.088,0.09,0.0888,65898.07,63457.13,0.4465,-0.27459,1e-05,204.96569,42.0,0.4
2026-08-11T17:00:05Z,2027-06-25,318,58000.0,C,0.2175,0.223,0.2204,65895.14,63457.13,0.4412,0.69703,1e-05,214.67811,5.3,0.0
2026-08-11T17:00:05Z,2027-06-25,318,58000.0,P,0.0995,0.1015,0.1006,65895.14,63457.13,0.4412,-0.30297,1e-05,214.67811,15.9,1.1
2026-08-11T17:00:05Z,2027-06-25,318,60000.0,C,0.2,0.2055,0.203,65895.14,63457.13,0.4368,0.66776,1e-05,223.21434,943.4,0.0
2026-08-11T17:00:05Z,2027-06-25,318,60000.0,P,0.1125,0.1145,0.1135,65898.07,63457.13,0.4368,-0.3322,1e-05,223.2137,75.7,0.4
2026-08-11T17:00:05Z,2027-06-25,318,62000.0,C,0.185,0.1885,0.1866,65895.14,63457.13,0.4329,0.63788,1e-05,230.43396,94.3,0.0
2026-08-11T17:00:05Z,2027-06-25,318,62000.0,P,0.1265,0.1285,0.1275,65898.07,63457.13,0.4329,-0.36208,1e-05,230.43526,70.1,50.1
2026-08-11T17:00:05Z,2027-06-25,318,64000.0,C,0.1695,0.1725,0.1713,65898.07,63457.13,0.4294,0.60767,1e-05,236.2538,18.6,0.2
2026-08-11T17:00:05Z,2027-06-25,318,64000.0,P,0.141,0.144,0.1425,65898.07,63457.13,0.4294,-0.39233,1e-05,236.2538,13.5,0.3
2026-08-11T17:00:05Z,2027-06-25,318,66000.0,C,0.1555,0.158,0.1568,65898.07,63457.13,0.426,0.57723,1e-05,240.6308,27.9,0.5
2026-08-11T17:00:05Z,2027-06-25,318,66000.0,P,0.157,0.16,0.1584,65898.07,63457.13,0.426,-0.42277,1e-05,240.6308,35.1,2.1
2026-08-11T17:00:05Z,2027-06-25,318,68000.0,C,0.142,0.1445,0.1434,65898.07,63457.13,0.423,0.54685,2e-05,243.54775,9.9,0.0
2026-08-11T17:00:05Z,2027-06-25,318,68000.0,P,0.174,0.1775,0.1754,65898.07,63457.13,0.423,-0.45315,2e-05,243.54775,9.5,1.0
2026-08-11T17:00:05Z,2027-06-25,318,70000.0,C,0.13,0.1315,0.1309,65895.14,63457.13,0.4202,0.51668,2e-05,245.0159,192.2,0.1
2026-08-11T17:00:05Z,2027-06-25,318,70000.0,P,0.191,0.1955,0.1932,65898.07,63457.13,0.4202,-0.48328,2e-05,245.02563,9.6,0.0
2026-08-11T17:00:05Z,2027-06-25,318,72000.0,C,0.1185,0.121,0.1198,65895.14,63457.13,0.4188,0.48745,2e-05,245.10886,24.8,0.0
2026-08-11T17:00:05Z,2027-06-25,318,72000.0,P,0.21,0.215,0.2125,65898.07,63457.13,0.4188,-0.5125,2e-05,245.12064,1.3,0.0
2026-08-11T17:00:05Z,2027-06-25,318,74000.0,C,0.108,0.1105,0.1093,65898.07,63457.13,0.41700000000000004,0.45874,2e-05,243.92827,13.3,0.0
2026-08-11T17:00:05Z,2027-06-25,318,74000.0,P,0.2295,0.235,0.2323,65898.07,63457.13,0.41700000000000004,-0.54126,2e-05,243.92827,0.1,0.0
2026-08-11T17:00:05Z,2027-06-25,318,76000.0,C,0.0985,0.101,0.0996,65898.29,63457.13,0.4153,0.43075,2e-05,241.53806,20.8,5.0
2026-08-11T17:00:05Z,2027-06-25,318,76000.0,P,0.25,0.256,0.253,65898.29,63457.13,0.4153,-0.56925,2e-05,241.53806,9.2,0.0
2026-08-11T17:00:05Z,2027-06-25,318,78000.0,C,0.0895,0.092,0.0908,65901.2,63457.13,0.41409999999999997,0.40395,2e-05,238.10907,9.9,0.0
2026-08-11T17:00:05Z,2027-06-25,318,78000.0,P,0.2715,0.2775,0.2745,65898.29,63457.13,0.41409999999999997,-0.5961,2e-05,238.09193,0.4,0.0
2026-08-11T17:00:05Z,2027-06-25,318,80000.0,C,0.0815,0.084,0.0828,65901.2,63457.13,0.4133,0.37823,1e-05,233.73651,75.0,23.1
2026-08-11T17:00:05Z,2027-06-25,318,80000.0,P,0.2935,0.3,0.2969,65901.2,63457.13,0.4133,-0.62177,1e-05,233.73651,8.5,0.0
2026-08-11T17:00:05Z,2027-06-25,318,82000.0,C,0.074,0.0765,0.0753,65901.2,63457.13,0.4121,0.35335,1e-05,228.48996,62.0,0.0
2026-08-11T17:00:05Z,2027-06-25,318,82000.0,P,0.3165,0.323,0.3198,65898.29,63457.13,0.4121,-0.64669,1e-05,228.47,0.2,0.0
2026-08-11T17:00:05Z,2027-06-25,318,84000.0,C,0.0675,0.07,0.0687,65901.2,63457.13,0.41159999999999997,0.32996,1e-05,222.62333,2.7,0.0
2026-08-11T17:00:05Z,2027-06-25,318,84000.0,P,0.34,0.347,0.3434,65901.2,63457.13,0.41159999999999997,-0.67004,1e-05,222.62333,0.1,0.0
2026-08-11T17:00:05Z,2027-06-25,318,85000.0,C,0.065,0.0665,0.0656,65897.87,63457.13,0.4115,0.31875,1e-05,219.47225,8.1,0.0
2026-08-11T17:00:05Z,2027-06-25,318,85000.0,P,0.352,0.359,0.3555,65901.2,63457.13,0.4115,-0.6812,1e-05,219.4972,6.8,0.0
2026-08-11T17:00:05Z,2027-06-25,318,86000.0,C,0.0615,0.0635,0.0626,65898.29,63457.13,0.4113,0.30784,1e-05,216.20973,2.9,0.0
2026-08-11T17:00:05Z,2027-06-25,318,86000.0,P,0.364,0.3715,0.3677,65901.2,63457.13,0.4113,-0.69212,1e-05,216.23177,0.1,0.0
2026-08-11T17:00:05Z,2027-06-25,318,88000.0,C,0.056,0.058,0.057,65898.29,63457.13,0.41100000000000003,0.2868,1e-05,209.32847,5.9,1.0
2026-08-11T17:00:05Z,2027-06-25,318,88000.0,P,0.3885,0.3965,0.3925,65898.29,63457.13,0.41100000000000003,-0.7132,1e-05,209.32847,0.1,0.0
2026-08-11T17:00:05Z,2027-06-25,318,90000.0,C,0.051,0.053,0.052,65901.2,63457.13,0.41090000000000004,0.26719,1e-05,202.20236,77.4,1.4
2026-08-11T17:00:05Z,2027-06-25,318,90000.0,P,0.4135,0.4225,0.4179,65901.2,63457.13,0.41090000000000004,-0.73281,1e-05,202.20236,0.5,0.0
2026-08-11T17:00:05Z,2027-06-25,318,92000.0,C,0.0465,0.0485,0.0475,65898.29,63457.13,0.41119999999999995,0.24883,1e-05,194.86248,5.7,0.5
2026-08-11T17:00:05Z,2027-06-25,318,92000.0,P,0.439,0.448,0.4437,65901.2,63457.13,0.41119999999999995,-0.75113,1e-05,194.8863,0.1,0.0
2026-08-11T17:00:05Z,2027-06-25,318,95000.0,C,0.0405,0.0425,0.0415,65901.33,63457.13,0.41159999999999997,0.2235,1e-05,183.67658,27.2,0.6
2026-08-11T17:00:05Z,2027-06-25,318,95000.0,P,0.4785,0.488,0.4831,65901.33,63457.13,0.41159999999999997,-0.7765,1e-05,183.67658,20.1,0.0
2026-08-11T17:00:05Z,2027-06-25,318,100000.0,C,0.032,0.034,0.0331,65901.33,63457.13,0.4122,0.18609,1e-05,164.69873,93.8,4.1
2026-08-11T17:00:05Z,2027-06-25,318,100000.0,P,0.5455,0.5555,0.5506,65901.33,63457.13,0.4122,-0.81391,1e-05,164.69873,0.1,0.0
2026-08-11T17:00:05Z,2027-06-25,318,105000.0,C,0.0255,0.0275,0.0265,65898.6,63457.13,0.41350000000000003,0.15508,1e-05,146.53601,98.1,1.1
2026-08-11T17:00:05Z,2027-06-25,318,105000.0,P,0.6145,0.626,0.6199,65898.6,63457.13,0.41350000000000003,-0.84492,1e-05,146.53601,0.1,0.0
2026-08-11T17:00:05Z,2027-06-25,318,110000.0,C,0.0205,0.0225,0.0215,65901.33,63457.13,0.4156,0.12974,1e-05,129.87195,227.7,0.0
2026-08-11T17:00:05Z,2027-06-25,318,110000.0,P,0.685,0.697,0.6907,65898.6,63457.13,0.4156,-0.87028,1e-05,129.85092,0.3,0.0
2026-08-11T17:00:05Z,2027-06-25,318,120000.0,C,0.0135,0.0155,0.0143,65901.33,63457.13,0.4205,0.09145,1e-05,101.02516,102.7,0.0
2026-08-11T17:00:05Z,2027-06-25,318,120000.0,P,0.829,0.8425,0.8353,65901.33,63457.13,0.4205,-0.90855,1e-05,101.02516,0.1,0.0
2026-08-11T17:00:05Z,2027-06-25,318,130000.0,C,0.0095,0.011,0.0102,65901.33,63457.13,0.4292,0.06726,0.0,80.03892,82.3,0.1
2026-08-11T17:00:05Z,2027-06-25,318,130000.0,P,0.9755,0.991,0.9829,65901.33,63457.13,0.4292,-0.93274,0.0,80.03892,1.3,0.0
2026-08-11T17:00:05Z,2027-06-25,318,140000.0,C,0.0065,0.008,0.0072,65898.6,63457.13,0.4355,0.04929,0.0,62.6802,213.6,0.1
2026-08-11T17:00:05Z,2027-06-25,318,140000.0,P,1.056,1.2245,1.1317,65898.6,63457.13,0.4355,-0.95071,0.0,62.6802,0.0,0.0
2026-08-11T17:00:05Z,2027-06-25,318,150000.0,C,0.005,0.006,0.0055,65898.6,63457.13,0.445,0.03804,0.0,50.84762,90.5,1.2
2026-08-11T17:00:05Z,2027-06-25,318,150000.0,P,1.202,1.3775,1.2817,65901.33,63457.13,0.445,-0.96195,0.0,50.85873,0.0,0.0
2026-08-11T17:00:05Z,2027-06-25,318,160000.0,C,0.0037,0.0046,0.0041,65898.6,63457.13,0.452,0.02918,0.0,40.8805,514.2,0.7
2026-08-11T17:00:05Z,2027-06-25,318,160000.0,P,1.3475,1.5325,1.4321,65898.6,63457.13,0.452,-0.97082,0.0,40.8805,0.0,0.0
2026-08-11T17:00:05Z,2027-06-25,318,170000.0,C,0.0028,0.0037,0.0032,65898.6,63457.13,0.4603,0.02316,0.0,33.68986,43.7,0.7
2026-08-11T17:00:05Z,2027-06-25,318,170000.0,P,1.4945,1.687,1.583,65898.6,63457.13,0.4603,-0.97684,0.0,33.68986,14.6,0.0
